yr,state,hcci_detcat_1,hcci_detcat_2,hcci_detcat_3,hcci_detcat_1_label,hcci_detcat_2_label,hcci_detcat_3_label,spend_per_person,oop_per_person,util_per_1000,price,oop_price
2016,AK,IP,All,All,Inpatient,All,All,1671.2904,76.0802,52.934322,31572.908,1437.2566
2017,AK,IP,All,All,Inpatient,All,All,1550.0719,65.382751,50.678013,30586.672,1290.1602
2018,AK,IP,All,All,Inpatient,All,All,1712.1604,70.73233,50.681118,33783.004,1395.6348
2019,AK,IP,All,All,Inpatient,All,All,1805.6793,110.24362,49.133373,36750.566,2243.7625
2020,AK,IP,All,All,Inpatient,All,All,1471.452,53.719246,38.981304,37747.633,1378.0773
2016,AK,OP,All,All,Outpatient,All,All,2570.2593,265.90445,5551.3125,463.00027,47.899387
2017,AK,OP,All,All,Outpatient,All,All,2511.9932,266.96204,5422.9297,463.21698,49.228378
2018,AK,OP,All,All,Outpatient,All,All,2912.1743,218.85947,5534.8037,526.15674,39.542408
2019,AK,OP,All,All,Outpatient,All,All,2814.7246,262.58145,5387.0566,522.49774,48.743031
2020,AK,OP,All,All,Outpatient,All,All,2490.4558,218.61096,4514.6797,551.63507,48.422253
2016,AK,PH,All,All,Professional Services,All,All,4594.1504,799.22095,18298.541,251.06648,43.676754
2017,AK,PH,All,All,Professional Services,All,All,4505.2544,801.11938,17714.229,254.3297,45.224628
2018,AK,PH,All,All,Professional Services,All,All,4617.1387,831.42712,17821.986,259.06982,46.651764
2019,AK,PH,All,All,Professional Services,All,All,4531.3896,822.021,17935.814,252.64476,45.831261
2020,AK,PH,All,All,Professional Services,All,All,3837.1047,647.39282,15315.236,250.54166,42.27116
2016,AK,RX,All,All,Prescription Drugs,All,All,1092.446,109.76086,9491.1924,115.10104,11.564496
2017,AK,RX,All,All,Prescription Drugs,All,All,1080.7354,111.0717,9346.1338,115.63448,11.88424
2018,AK,RX,All,All,Prescription Drugs,All,All,1049.5846,115.25383,8685.0293,120.84986,13.270402
2019,AK,RX,All,All,Prescription Drugs,All,All,997.20844,129.72046,7974.7876,125.04514,16.266321
2020,AK,RX,All,All,Prescription Drugs,All,All,830.90448,100.72729,6564.9697,126.56638,15.343146
2016,AR,IP,All,All,Inpatient,All,All,867.09601,63.499176,60.536125,14323.613,1048.9469
2017,AR,IP,All,All,Inpatient,All,All,827.58112,61.580177,58.219006,14214.965,1057.7333
2018,AR,IP,All,All,Inpatient,All,All,860.52783,63.52422,56.962952,15106.798,1115.1848
2019,AR,IP,All,All,Inpatient,All,All,896.53723,65.311485,57.365498,15628.51,1138.5151
2020,AR,IP,All,All,Inpatient,All,All,854.89899,63.383759,53.965862,15841.479,1174.5159
2016,AR,OP,All,All,Outpatient,All,All,893.7373,201.55052,3674.741,243.21097,54.847546
2017,AR,OP,All,All,Outpatient,All,All,922.56506,210.65213,3560.2666,259.12808,59.167515
2018,AR,OP,All,All,Outpatient,All,All,976.11212,222.27754,3596.1741,271.43073,61.809452
2019,AR,OP,All,All,Outpatient,All,All,1056.5457,240.97278,3796.4641,278.29727,63.472946
2020,AR,OP,All,All,Outpatient,All,All,1008.8481,218.8423,3702.8547,272.45142,59.100967
2016,AR,PH,All,All,Professional Services,All,All,1548.9009,421.85095,16675.857,92.882828,25.297106
2017,AR,PH,All,All,Professional Services,All,All,1596.6597,441.27689,17056.295,93.611168,25.871792
2018,AR,PH,All,All,Professional Services,All,All,1661.358,456.0546,17559.678,94.612106,25.971697
2019,AR,PH,All,All,Professional Services,All,All,1714.5779,463.69662,17741.525,96.642082,26.136232
2020,AR,PH,All,All,Professional Services,All,All,1720.3861,429.185,17158.809,100.26257,25.012518
2016,AR,RX,All,All,Prescription Drugs,All,All,993.65479,160.75893,11353.22,87.521851,14.159765
2017,AR,RX,All,All,Prescription Drugs,All,All,1094.4448,171.80272,11840.995,92.428452,14.509146
2018,AR,RX,All,All,Prescription Drugs,All,All,1116.5767,167.25577,12084.721,92.395737,13.840268
2019,AR,RX,All,All,Prescription Drugs,All,All,1295.9349,171.01077,12533.813,103.3951,13.643953
2020,AR,RX,All,All,Prescription Drugs,All,All,1422.1691,167.7075,13017.045,109.25436,12.883684
2016,AZ,IP,All,All,Inpatient,All,All,915.60742,37.885189,50.292984,18205.471,753.28973
2017,AZ,IP,All,All,Inpatient,All,All,957.00476,36.401188,49.177391,19460.258,740.20166
2018,AZ,IP,All,All,Inpatient,All,All,997.92316,36.251442,49.388676,20205.506,734.00317
2019,AZ,IP,All,All,Inpatient,All,All,1033.7727,40.711472,49.50359,20882.781,822.39429
2020,AZ,IP,All,All,Inpatient,All,All,1047.7388,37.699902,46.642952,22462.959,808.26575
2016,AZ,OP,All,All,Outpatient,All,All,1012.8895,143.72186,2515.3127,402.68927,57.138763
2017,AZ,OP,All,All,Outpatient,All,All,1070.3235,148.57021,2574.9324,415.67053,57.698681
2018,AZ,OP,All,All,Outpatient,All,All,1149.3181,127.53339,2355.8823,487.85037,54.134022
2019,AZ,OP,All,All,Outpatient,All,All,1153.7368,166.72421,2611.8706,441.72812,63.83326
2020,AZ,OP,All,All,Outpatient,All,All,1083.2189,139.91098,2290.8064,472.8548,61.074986
2016,AZ,PH,All,All,Professional Services,All,All,1605.5652,389.29422,16921.572,94.882744,23.005795
2017,AZ,PH,All,All,Professional Services,All,All,1643.7308,404.93082,16799.477,97.844177,24.103777
2018,AZ,PH,All,All,Professional Services,All,All,1685.3303,423.34238,17002.035,99.125206,24.899511
2019,AZ,PH,All,All,Professional Services,All,All,1734.5543,434.91351,17373.646,99.838242,25.032944
2020,AZ,PH,All,All,Professional Services,All,All,1713.3807,385.2944,16548.289,103.53824,23.283035
2016,AZ,RX,All,All,Prescription Drugs,All,All,838.52686,133.35503,8251.3467,101.62303,16.161608
2017,AZ,RX,All,All,Prescription Drugs,All,All,874.52863,134.68761,8287.0361,105.52972,16.252808
2018,AZ,RX,All,All,Prescription Drugs,All,All,918.18195,132.597,8384.2676,109.51248,15.814979
2019,AZ,RX,All,All,Prescription Drugs,All,All,928.15656,126.33093,8228.1328,112.80282,15.353536
2020,AZ,RX,All,All,Prescription Drugs,All,All,1021.6063,122.59455,8471.1221,120.59869,14.472055
2016,CA,IP,All,All,Inpatient,All,All,1102.5371,36.277477,37.047302,29760.256,979.22046
2017,CA,IP,All,All,Inpatient,All,All,1184.5466,35.086876,35.782204,33104.352,980.56781
2018,CA,IP,All,All,Inpatient,All,All,1253.7112,35.505058,36.165932,34665.531,981.72668
2019,CA,IP,All,All,Inpatient,All,All,1389.2612,37.509663,37.404083,37141.969,1002.8227
2020,CA,IP,All,All,Inpatient,All,All,1222.6658,32.491001,31.302837,39059.266,1037.957
2016,CA,OP,All,All,Outpatient,All,All,1184.5754,137.06865,2100.554,563.93475,65.253571
2017,CA,OP,All,All,Outpatient,All,All,1259.3696,143.15088,2084.6421,604.11798,68.669281
2018,CA,OP,All,All,Outpatient,All,All,1375.5245,151.56155,2143.1536,641.82269,70.718941
2019,CA,OP,All,All,Outpatient,All,All,1586.4222,161.5838,2554.7671,620.96545,63.247955
2020,CA,OP,All,All,Outpatient,All,All,1351.9365,135.97562,2011.3032,672.16943,67.605728
2016,CA,PH,All,All,Professional Services,All,All,1379.9915,295.91074,12767.333,108.08768,23.177176
2017,CA,PH,All,All,Professional Services,All,All,1457.9954,310.82306,12954.178,112.5502,23.99404
2018,CA,PH,All,All,Professional Services,All,All,1525.532,324.11862,13169.199,115.8409,24.61187
2019,CA,PH,All,All,Professional Services,All,All,1658.9132,305.92258,14839.559,111.78992,20.615341
2020,CA,PH,All,All,Professional Services,All,All,1427.2596,254.92746,11420.174,124.97705,22.322556
2016,CA,RX,All,All,Prescription Drugs,All,All,802.24371,98.116028,6630.127,120.99976,14.798514
2017,CA,RX,All,All,Prescription Drugs,All,All,827.2652,102.38595,6702.1104,123.43354,15.276673
2018,CA,RX,All,All,Prescription Drugs,All,All,871.41052,101.03004,6735.8135,129.36975,14.998938
2019,CA,RX,All,All,Prescription Drugs,All,All,960.74921,96.16758,7856.4478,122.28799,12.240593
2020,CA,RX,All,All,Prescription Drugs,All,All,1018.6364,93.51368,7787.1494,130.80992,12.008718
2016,CO,IP,All,All,Inpatient,All,All,1029.7631,47.271255,45.520603,22621.912,1038.4585
2017,CO,IP,All,All,Inpatient,All,All,1035.0311,45.22374,42.712372,24232.582,1058.7972
2018,CO,IP,All,All,Inpatient,All,All,1050.6671,44.937687,41.155346,25529.299,1091.9041
2019,CO,IP,All,All,Inpatient,All,All,1061.2429,46.69453,41.06781,25841.236,1137.0105
2020,CO,IP,All,All,Inpatient,All,All,1092.2682,41.647617,38.813179,28141.684,1073.0277
2016,CO,OP,All,All,Outpatient,All,All,1450.7432,214.64714,2794.2981,519.17981,76.816124
2017,CO,OP,All,All,Outpatient,All,All,1532.9635,226.33125,2768.7568,553.66492,81.74472
2018,CO,OP,All,All,Outpatient,All,All,1710.4171,244.0305,2899.2471,589.95221,84.170296
2019,CO,OP,All,All,Outpatient,All,All,1798.2679,262.05048,2949.9893,609.58453,88.830986
2020,CO,OP,All,All,Outpatient,All,All,1650.8949,227.72133,2655.2361,621.75073,85.763115
2016,CO,PH,All,All,Professional Services,All,All,1565.7295,372.35501,14942.734,104.782,24.918798
2017,CO,PH,All,All,Professional Services,All,All,1586.7881,383.75763,14799.456,107.21935,25.930525
2018,CO,PH,All,All,Professional Services,All,All,1649.2852,398.40906,14858.484,110.99955,26.813572
2019,CO,PH,All,All,Professional Services,All,All,1654.4943,401.86551,14737.236,112.26625,27.268717
2020,CO,PH,All,All,Professional Services,All,All,1633.1139,359.59177,14092.245,115.88743,25.516996
2016,CO,RX,All,All,Prescription Drugs,All,All,902.84735,133.33316,7727.3472,116.83794,17.254713
2017,CO,RX,All,All,Prescription Drugs,All,All,926.03796,130.52148,7751.8408,119.4604,16.837482
2018,CO,RX,All,All,Prescription Drugs,All,All,959.85065,129.52776,7876.3442,121.865,16.445162
2019,CO,RX,All,All,Prescription Drugs,All,All,1050.6841,128.82854,7940.0537,132.32707,16.225147
2020,CO,RX,All,All,Prescription Drugs,All,All,1114.2927,122.01399,8044.5015,138.51607,15.167377
2016,CT,IP,All,All,Inpatient,All,All,1033.8348,36.750366,47.778061,21638.275,769.18909
2017,CT,IP,All,All,Inpatient,All,All,1040.8153,34.188244,44.33131,23478.107,771.19855
2018,CT,IP,All,All,Inpatient,All,All,1119.9557,37.110779,43.489723,25752.191,853.32288
2019,CT,IP,All,All,Inpatient,All,All,1146.7621,36.715622,43.141678,26581.307,851.04761
2020,CT,IP,All,All,Inpatient,All,All,1099.1672,32.961849,39.13229,28088.498,842.31848
2016,CT,OP,All,All,Outpatient,All,All,1571.903,199.72556,4721.3022,332.93842,42.303062
2017,CT,OP,All,All,Outpatient,All,All,1638.6893,204.15793,4468.1948,366.74527,45.691368
2018,CT,OP,All,All,Outpatient,All,All,1728.2151,216.73007,4427.5239,390.33444,48.950626
2019,CT,OP,All,All,Outpatient,All,All,1815.4189,224.98488,4464.9883,406.58984,50.38868
2020,CT,OP,All,All,Outpatient,All,All,1705.7236,195.67049,4152.145,410.80539,47.125156
2016,CT,PH,All,All,Professional Services,All,All,2033.6704,444.26492,17817.463,114.13917,24.93424
2017,CT,PH,All,All,Professional Services,All,All,2017.4879,448.71393,17332.744,116.39748,25.888222
2018,CT,PH,All,All,Professional Services,All,All,2049.2688,466.46173,17426.295,117.59635,26.767693
2019,CT,PH,All,All,Professional Services,All,All,2104.771,478.21109,17747.152,118.59768,26.945793
2020,CT,PH,All,All,Professional Services,All,All,1951.115,408.6821,16431.16,118.7448,24.872381
2016,CT,RX,All,All,Prescription Drugs,All,All,1260.8567,165.17119,10073.947,125.16014,16.395876
2017,CT,RX,All,All,Prescription Drugs,All,All,1300.3759,160.77411,10147.039,128.15323,15.844436
2018,CT,RX,All,All,Prescription Drugs,All,All,1319.8807,155.46912,10323.422,127.85303,15.059843
2019,CT,RX,All,All,Prescription Drugs,All,All,1372.1261,152.08406,10620.042,129.20157,14.320477
2020,CT,RX,All,All,Prescription Drugs,All,All,1485.6791,154.18419,10886.82,136.46585,14.162463
2016,DC,IP,All,All,Inpatient,All,All,738.87799,21.799807,42.370216,17438.617,514.50781
2017,DC,IP,All,All,Inpatient,All,All,856.93347,22.416155,42.854626,19996.289,523.07434
2018,DC,IP,All,All,Inpatient,All,All,836.72992,20.957684,40.618229,20599.861,515.96747
2019,DC,IP,All,All,Inpatient,All,All,852.70453,22.470423,38.804962,21974.111,579.06055
2020,DC,IP,All,All,Inpatient,All,All,775.50159,18.946066,32.22963,24061.76,587.84625
2016,DC,OP,All,All,Outpatient,All,All,973.18933,94.218674,2040.2623,476.99225,46.179688
2017,DC,OP,All,All,Outpatient,All,All,1033.2549,101.34299,2015.5607,512.63892,50.280296
2018,DC,OP,All,All,Outpatient,All,All,934.19971,95.354431,2029.5282,460.30389,46.983547
2019,DC,OP,All,All,Outpatient,All,All,928.31805,94.083214,1882.4548,493.14227,49.979
2020,DC,OP,All,All,Outpatient,All,All,811.57788,73.826447,1575.4191,515.15045,46.861469
2016,DC,PH,All,All,Professional Services,All,All,1706.9883,325.20911,17037.168,100.19202,19.088215
2017,DC,PH,All,All,Professional Services,All,All,1785.1377,336.66132,17509.311,101.95362,19.22756
2018,DC,PH,All,All,Professional Services,All,All,1855.3728,341.66049,19658.766,94.378906,17.379551
2019,DC,PH,All,All,Professional Services,All,All,1927.989,348.81372,20121.602,95.816872,17.335285
2020,DC,PH,All,All,Professional Services,All,All,1840.2538,296.10626,18331.107,100.38967,16.153212
2016,DC,RX,All,All,Prescription Drugs,All,All,1153.1771,111.75663,6963.0713,165.61328,16.049904
2017,DC,RX,All,All,Prescription Drugs,All,All,1215.2666,106.29214,7067.4854,171.95177,15.039598
2018,DC,RX,All,All,Prescription Drugs,All,All,1640.0552,141.34201,8972.9463,182.77777,15.752017
2019,DC,RX,All,All,Prescription Drugs,All,All,1663.657,131.63266,8876.2598,187.4277,14.829743
2020,DC,RX,All,All,Prescription Drugs,All,All,1714.0153,129.31699,8967.3506,191.13953,14.420868
2016,DE,IP,All,All,Inpatient,All,All,1193.048,35.801563,53.865044,22148.836,664.65302
2017,DE,IP,All,All,Inpatient,All,All,1177.5463,36.246635,52.002213,22644.158,697.021
2018,DE,IP,All,All,Inpatient,All,All,1204.2406,37.930714,50.881031,23667.77,745.47845
2019,DE,IP,All,All,Inpatient,All,All,1197.9905,35.403019,46.4534,25789.08,762.11902
2020,DE,IP,All,All,Inpatient,All,All,1042.3556,30.212147,38.628677,26983.986,782.11707
2016,DE,OP,All,All,Outpatient,All,All,1650.7979,157.95279,4257.9517,387.69766,37.095959
2017,DE,OP,All,All,Outpatient,All,All,1722.0708,159.36121,4210.4253,409.00159,37.849194
2018,DE,OP,All,All,Outpatient,All,All,1868.1949,172.6299,4211.8267,443.5593,40.986942
2019,DE,OP,All,All,Outpatient,All,All,1955.1017,183.92859,4147.8027,471.35837,44.34362
2020,DE,OP,All,All,Outpatient,All,All,1749.296,154.45335,3500.1387,499.77905,44.127781
2016,DE,PH,All,All,Professional Services,All,All,1741.2266,312.99683,17501.928,99.487694,17.883562
2017,DE,PH,All,All,Professional Services,All,All,1717.4258,313.88571,17161.785,100.07268,18.289804
2018,DE,PH,All,All,Professional Services,All,All,1775.691,327.52246,17850.26,99.477036,18.34833
2019,DE,PH,All,All,Professional Services,All,All,1855.9017,328.37045,17975.486,103.24626,18.267681
2020,DE,PH,All,All,Professional Services,All,All,1631.0179,262.63239,15797.133,103.24772,16.62532
2016,DE,RX,All,All,Prescription Drugs,All,All,1181.8868,163.73253,11175.535,105.75662,14.650979
2017,DE,RX,All,All,Prescription Drugs,All,All,1186.5337,159.5347,10997.463,107.89159,14.506499
2018,DE,RX,All,All,Prescription Drugs,All,All,1295.6801,159.70642,11258.334,115.0863,14.185616
2019,DE,RX,All,All,Prescription Drugs,All,All,1333.4277,157.92584,11374.938,117.22506,13.883666
2020,DE,RX,All,All,Prescription Drugs,All,All,1473.3444,155.03543,11472.23,128.42702,13.513974
2016,FL,IP,All,All,Inpatient,All,All,1168.4065,61.542637,56.83934,20556.301,1082.7472
2017,FL,IP,All,All,Inpatient,All,All,1142.4523,61.953457,55.152542,20714.408,1123.311
2018,FL,IP,All,All,Inpatient,All,All,1242.187,63.175877,54.966335,22599.051,1149.3558
2019,FL,IP,All,All,Inpatient,All,All,1295.7523,61.163364,53.862339,24056.74,1135.5497
2020,FL,IP,All,All,Inpatient,All,All,1279.7875,52.223255,49.463242,25873.506,1055.7993
2016,FL,OP,All,All,Outpatient,All,All,1372.6436,186.94154,3078.6169,445.86371,60.722576
2017,FL,OP,All,All,Outpatient,All,All,1403.0214,198.02043,3188.7825,439.98657,62.099075
2018,FL,OP,All,All,Outpatient,All,All,1584.6886,207.32938,3478.2595,455.59818,59.607216
2019,FL,OP,All,All,Outpatient,All,All,1674.0128,227.34636,3463.095,483.38635,65.648315
2020,FL,OP,All,All,Outpatient,All,All,1554.1794,187.10374,3052.7329,509.11084,61.290573
2016,FL,PH,All,All,Professional Services,All,All,1701.735,374.60367,17567.346,96.869217,21.323864
2017,FL,PH,All,All,Professional Services,All,All,1707.1563,380.2095,17483.014,97.646576,21.747368
2018,FL,PH,All,All,Professional Services,All,All,1788.1547,394.67041,18198.619,98.257706,21.686832
2019,FL,PH,All,All,Professional Services,All,All,1832.3906,401.86792,18481.607,99.146713,21.744207
2020,FL,PH,All,All,Professional Services,All,All,1803.8864,362.61389,17658.357,102.15482,20.534971
2016,FL,RX,All,All,Prescription Drugs,All,All,1049.9196,151.47252,10017.491,104.80862,15.120803
2017,FL,RX,All,All,Prescription Drugs,All,All,1071.5916,147.72083,10036.852,106.7657,14.717844
2018,FL,RX,All,All,Prescription Drugs,All,All,1141.2778,148.81262,10090.025,113.1095,14.748488
2019,FL,RX,All,All,Prescription Drugs,All,All,1204.8314,145.17799,10178.306,118.37249,14.263474
2020,FL,RX,All,All,Prescription Drugs,All,All,1316.1702,140.54083,10374.451,126.86649,13.546822
2016,GA,IP,All,All,Inpatient,All,All,897.58124,44.433323,45.150436,19879.791,984.11725
2017,GA,IP,All,All,Inpatient,All,All,947.52057,46.931164,45.083797,21016.875,1040.9763
2018,GA,IP,All,All,Inpatient,All,All,1058.8463,51.336025,46.532089,22755.188,1103.2393
2019,GA,IP,All,All,Inpatient,All,All,1162.3274,51.712246,45.059097,25795.621,1147.6538
2020,GA,IP,All,All,Inpatient,All,All,1218.849,46.592026,42.907806,28406.232,1085.8636
2016,GA,OP,All,All,Outpatient,All,All,1420.714,213.9899,3231.791,439.6058,66.214027
2017,GA,OP,All,All,Outpatient,All,All,1537.0703,230.11368,3265.8787,470.64523,70.459961
2018,GA,OP,All,All,Outpatient,All,All,1677.142,241.57529,3354.666,499.94305,72.011726
2019,GA,OP,All,All,Outpatient,All,All,1729.104,264.22507,3422.856,505.16412,77.194328
2020,GA,OP,All,All,Outpatient,All,All,1703.9894,228.14554,3064.9048,555.96808,74.438049
2016,GA,PH,All,All,Professional Services,All,All,1631.3301,392.60837,15981.163,102.0783,24.566944
2017,GA,PH,All,All,Professional Services,All,All,1719.2125,416.37366,16317.948,105.35715,25.516298
2018,GA,PH,All,All,Professional Services,All,All,1834.4706,455.96112,16998.178,107.92161,26.824118
2019,GA,PH,All,All,Professional Services,All,All,1865.5898,456.64954,17082.916,109.20792,26.731358
2020,GA,PH,All,All,Professional Services,All,All,1874.1582,420.25763,16438.023,114.0136,25.566191
2016,GA,RX,All,All,Prescription Drugs,All,All,1083.5571,182.7459,10366.264,104.52726,17.628906
2017,GA,RX,All,All,Prescription Drugs,All,All,1117.5956,183.34171,10334.854,108.13849,17.740133
2018,GA,RX,All,All,Prescription Drugs,All,All,1200.0479,184.53688,10583.89,113.38439,17.43564
2019,GA,RX,All,All,Prescription Drugs,All,All,1276.7382,177.84691,10784.535,118.38602,16.490921
2020,GA,RX,All,All,Prescription Drugs,All,All,1351.9265,173.76672,10785.59,125.34562,16.111008
2016,HI,IP,All,All,Inpatient,All,All,874.19879,29.414082,39.580952,22086.352,743.13733
2017,HI,IP,All,All,Inpatient,All,All,984.86951,31.424915,38.693707,25452.965,812.14545
2018,HI,IP,All,All,Inpatient,All,All,941.71588,27.199297,36.002766,26156.764,755.47797
2019,HI,IP,All,All,Inpatient,All,All,1215.0219,29.161005,37.309563,32565.963,781.59601
2020,HI,IP,All,All,Inpatient,All,All,703.37982,18.410513,24.091084,29196.688,764.20441
2016,HI,OP,All,All,Outpatient,All,All,671.4234,59.618008,2634.3342,254.87402,22.631147
2017,HI,OP,All,All,Outpatient,All,All,737.71533,64.545052,2585.282,285.35196,24.966347
2018,HI,OP,All,All,Outpatient,All,All,735.32294,64.631676,2507.8521,293.20828,25.771727
2019,HI,OP,All,All,Outpatient,All,All,842.69409,71.383438,2600.6338,324.03412,27.448479
2020,HI,OP,All,All,Outpatient,All,All,546.74164,46.754498,1652.4603,330.8652,28.293869
2016,HI,PH,All,All,Professional Services,All,All,1440.1809,150.74109,15595.236,92.347488,9.6658421
2017,HI,PH,All,All,Professional Services,All,All,1514.5392,158.85567,15843.664,95.592735,10.026448
2018,HI,PH,All,All,Professional Services,All,All,1544.476,160.90742,15469.638,99.83918,10.4015
2019,HI,PH,All,All,Professional Services,All,All,1643.5834,175.04095,15744.754,104.38927,11.117414
2020,HI,PH,All,All,Professional Services,All,All,1136.0673,108.91139,10768.165,105.5024,10.114202
2016,HI,RX,All,All,Prescription Drugs,All,All,743.03174,74.924393,9055.1953,82.055847,8.274189
2017,HI,RX,All,All,Prescription Drugs,All,All,764.53503,69.882904,9313.2549,82.091072,7.5035958
2018,HI,RX,All,All,Prescription Drugs,All,All,861.60779,69.295792,9623.0322,89.536003,7.2010355
2019,HI,RX,All,All,Prescription Drugs,All,All,814.84924,64.808464,9842.6162,82.787872,6.5844746
2020,HI,RX,All,All,Prescription Drugs,All,All,731.61041,54.020016,8478.6094,86.288956,6.3713293
2016,IA,IP,All,All,Inpatient,All,All,804.22894,48.928146,55.46476,14499.818,882.14838
2017,IA,IP,All,All,Inpatient,All,All,809.8855,46.202995,53.858704,15037.226,857.85565
2018,IA,IP,All,All,Inpatient,All,All,824.55225,48.384682,53.330532,15461.166,907.26044
2019,IA,IP,All,All,Inpatient,All,All,810.71002,47.114071,51.405094,15771.005,916.52533
2020,IA,IP,All,All,Inpatient,All,All,800.22736,43.7313,46.812195,17094.42,934.1861
2016,IA,OP,All,All,Outpatient,All,All,1233.071,200.73592,3612.9744,341.28973,55.559738
2017,IA,OP,All,All,Outpatient,All,All,1295.1375,202.50468,3681.7561,351.77164,55.002197
2018,IA,OP,All,All,Outpatient,All,All,1386.1429,207.21761,3814.9272,363.34714,54.317577
2019,IA,OP,All,All,Outpatient,All,All,1397.0651,223.68019,3785.4158,369.06516,59.089993
2020,IA,OP,All,All,Outpatient,All,All,1290.7623,202.24521,3489.3708,369.91263,57.960361
2016,IA,PH,All,All,Professional Services,All,All,1639.6168,387.72827,14834.013,110.5309,26.137787
2017,IA,PH,All,All,Professional Services,All,All,1714.6643,409.86069,15280.816,112.21025,26.821909
2018,IA,PH,All,All,Professional Services,All,All,1800.1478,441.7099,15851.691,113.56188,27.865158
2019,IA,PH,All,All,Professional Services,All,All,1837.0408,450.02753,15642.34,117.44028,28.769835
2020,IA,PH,All,All,Professional Services,All,All,1787.4034,420.23129,14689.659,121.67767,28.607286
2016,IA,RX,All,All,Prescription Drugs,All,All,828.48627,131.5578,9827.9287,84.299179,13.386116
2017,IA,RX,All,All,Prescription Drugs,All,All,902.57184,131.9066,9971.7012,90.513329,13.228093
2018,IA,RX,All,All,Prescription Drugs,All,All,998.29077,140.61284,10405.609,95.937752,13.513176
2019,IA,RX,All,All,Prescription Drugs,All,All,1030.8871,143.24818,10685.962,96.471153,13.405269
2020,IA,RX,All,All,Prescription Drugs,All,All,1063.804,136.29155,10867.716,97.886612,12.540956
2016,ID,IP,All,All,Inpatient,All,All,975.32056,54.042492,49.860561,19560.963,1083.8726
2017,ID,IP,All,All,Inpatient,All,All,960.87164,52.375992,48.577618,19780.131,1078.1918
2018,ID,IP,All,All,Inpatient,All,All,1042.8474,54.164616,47.284176,22054.893,1145.5126
2019,ID,IP,All,All,Inpatient,All,All,1042.8625,57.530689,46.548626,22403.723,1235.9268
2020,ID,IP,All,All,Inpatient,All,All,1013.7762,55.810219,43.266521,23430.961,1289.9169
2016,ID,OP,All,All,Outpatient,All,All,1390.2042,225.83727,4389.2358,316.73035,51.452522
2017,ID,OP,All,All,Outpatient,All,All,1453.9884,236.0876,4368.3286,332.84775,54.045292
2018,ID,OP,All,All,Outpatient,All,All,1629.4539,247.50996,4536.2886,359.20419,54.562214
2019,ID,OP,All,All,Outpatient,All,All,1724.1816,278.56271,4766.2793,361.74582,58.444481
2020,ID,OP,All,All,Outpatient,All,All,1607.6357,254.98627,4532.8838,354.66068,56.252544
2016,ID,PH,All,All,Professional Services,All,All,1541.6497,379.9158,13438.133,114.72202,28.271473
2017,ID,PH,All,All,Professional Services,All,All,1585.2262,389.80774,13726.418,115.48725,28.398359
2018,ID,PH,All,All,Professional Services,All,All,1653.1466,406.97015,14111.359,117.15006,28.839897
2019,ID,PH,All,All,Professional Services,All,All,1770.0308,434.69852,14992.923,118.05775,28.99358
2020,ID,PH,All,All,Professional Services,All,All,1690.1877,396.17505,14631.983,115.51324,27.075966
2016,ID,RX,All,All,Prescription Drugs,All,All,841.9101,117.04366,9435.8232,89.224869,12.404181
2017,ID,RX,All,All,Prescription Drugs,All,All,881.24493,117.4846,9679.4512,91.042854,12.137527
2018,ID,RX,All,All,Prescription Drugs,All,All,960.30383,124.37041,9975.4736,96.266495,12.467622
2019,ID,RX,All,All,Prescription Drugs,All,All,1047.7063,129.88087,10348.809,101.23931,12.550321
2020,ID,RX,All,All,Prescription Drugs,All,All,1139.1531,137.02144,10486.14,108.63417,13.06691
2016,IL,IP,All,All,Inpatient,All,All,911.36926,38.300415,56.088535,16248.763,682.85645
2017,IL,IP,All,All,Inpatient,All,All,898.40277,37.450069,54.624374,16446.92,685.59265
2018,IL,IP,All,All,Inpatient,All,All,937.24945,37.54155,54.122768,17317.102,693.63696
2019,IL,IP,All,All,Inpatient,All,All,967.89709,36.309414,52.967182,18273.525,685.50775
2020,IL,IP,All,All,Inpatient,All,All,933.47638,32.72105,47.555984,19629,688.05328
2016,IL,OP,All,All,Outpatient,All,All,1650.6473,225.54659,4960.0405,332.78909,45.472733
2017,IL,OP,All,All,Outpatient,All,All,1697.3282,237.84659,4954.3232,342.59537,48.007885
2018,IL,OP,All,All,Outpatient,All,All,1794.4125,247.10442,5200.7417,345.03012,47.513302
2019,IL,OP,All,All,Outpatient,All,All,1900.4703,258.88495,5352.0249,355.09372,48.371403
2020,IL,OP,All,All,Outpatient,All,All,1792.8414,226.57062,4934.7275,363.3111,45.913498
2016,IL,PH,All,All,Professional Services,All,All,1690.3499,339.52271,17789.959,95.017075,19.085077
2017,IL,PH,All,All,Professional Services,All,All,1747.5286,359.52618,17998.801,97.091385,19.975006
2018,IL,PH,All,All,Professional Services,All,All,1807.8929,374.36725,18066.082,100.07111,20.722103
2019,IL,PH,All,All,Professional Services,All,All,1919.9954,388.8248,18573.633,103.3721,20.934237
2020,IL,PH,All,All,Professional Services,All,All,1891.0656,344.23083,17775.482,106.38617,19.365484
2016,IL,RX,All,All,Prescription Drugs,All,All,1033.5499,143.7961,9220.0859,112.09765,15.59596
2017,IL,RX,All,All,Prescription Drugs,All,All,1055.8199,135.72795,9278.1182,113.79678,14.628822
2018,IL,RX,All,All,Prescription Drugs,All,All,1124.6473,130.70955,9500.4414,118.37844,13.758262
2019,IL,RX,All,All,Prescription Drugs,All,All,1267.0078,134.04453,10307.762,122.91784,13.004231
2020,IL,RX,All,All,Prescription Drugs,All,All,1363.5541,130.93768,10628.15,128.29646,12.319893
2016,IN,IP,All,All,Inpatient,All,All,1148.1475,45.224754,50.191227,22875.461,901.04907
2017,IN,IP,All,All,Inpatient,All,All,1164.3177,43.281052,49.747223,23404.678,870.01947
2018,IN,IP,All,All,Inpatient,All,All,1242.7964,43.955029,49.981503,24865.127,879.4259
2019,IN,IP,All,All,Inpatient,All,All,1225.2896,44.027176,48.270947,25383.582,912.08435
2020,IN,IP,All,All,Inpatient,All,All,1162.1981,39.383896,42.336857,27451.215,930.25085
2016,IN,OP,All,All,Outpatient,All,All,2055.4814,244.35599,4474.1816,459.40945,54.614674
2017,IN,OP,All,All,Outpatient,All,All,2188.0886,257.69852,4492.6621,487.03607,57.359871
2018,IN,OP,All,All,Outpatient,All,All,2359.4734,261.83844,4630.1191,509.59238,56.551125
2019,IN,OP,All,All,Outpatient,All,All,2435.1731,291.72821,4714.4995,516.52838,61.878933
2020,IN,OP,All,All,Outpatient,All,All,2250.2288,255.5564,4251.856,529.23444,60.104668
2016,IN,PH,All,All,Professional Services,All,All,1244.3019,283.92847,13472.008,92.362022,21.075438
2017,IN,PH,All,All,Professional Services,All,All,1277.6818,289.22842,13590.727,94.011292,21.281307
2018,IN,PH,All,All,Professional Services,All,All,1334.0011,305.36166,14036.339,95.039108,21.755079
2019,IN,PH,All,All,Professional Services,All,All,1360.0068,313.20584,14163.955,96.01886,22.112881
2020,IN,PH,All,All,Professional Services,All,All,1270.1722,277.42902,13157.505,96.53595,21.085232
2016,IN,RX,All,All,Prescription Drugs,All,All,997.57043,151.30325,10360.807,96.283081,14.603424
2017,IN,RX,All,All,Prescription Drugs,All,All,1017.4653,143.89404,10211.973,99.63456,14.09072
2018,IN,RX,All,All,Prescription Drugs,All,All,1102.7662,146.02892,10507.167,104.95372,13.89803
2019,IN,RX,All,All,Prescription Drugs,All,All,1152.5343,144.84784,10763.212,107.08088,13.457678
2020,IN,RX,All,All,Prescription Drugs,All,All,1248.0189,148.16557,11085.66,112.57957,13.365517
2016,KS,IP,All,All,Inpatient,All,All,1053.92,51.54113,62.548409,16849.67,824.01984
2017,KS,IP,All,All,Inpatient,All,All,1044.7798,55.404552,61.044037,17115.182,907.61615
2018,KS,IP,All,All,Inpatient,All,All,1079.8654,59.417713,61.185345,17649.086,971.11017
2019,KS,IP,All,All,Inpatient,All,All,1205.5017,62.88541,62.662766,19237.926,1003.553
2020,KS,IP,All,All,Inpatient,All,All,1184.5728,55.4249,57.619301,20558.609,961.91553
2016,KS,OP,All,All,Outpatient,All,All,1433.3978,242.3694,4644.6064,308.61554,52.18298
2017,KS,OP,All,All,Outpatient,All,All,1481.4158,263.68048,4522.0225,327.60025,58.310295
2018,KS,OP,All,All,Outpatient,All,All,1576.8743,282.12329,4554.3491,346.23483,61.945911
2019,KS,OP,All,All,Outpatient,All,All,1663.3004,299.43207,4761.5791,349.31699,62.885033
2020,KS,OP,All,All,Outpatient,All,All,1595.4896,268.46774,4397.3789,362.82739,61.051762
2016,KS,PH,All,All,Professional Services,All,All,1657.1543,398.24927,17316.461,95.698212,22.998306
2017,KS,PH,All,All,Professional Services,All,All,1694.7002,421.92279,16671.416,101.65304,25.308155
2018,KS,PH,All,All,Professional Services,All,All,1719.8174,435.54562,16843.945,102.103,25.857697
2019,KS,PH,All,All,Professional Services,All,All,1791.7585,447.18948,17103.721,104.75842,26.145744
2020,KS,PH,All,All,Professional Services,All,All,1730.5858,405.27075,15899.299,108.84668,25.489851
2016,KS,RX,All,All,Prescription Drugs,All,All,1059.7196,174.39189,10598.438,99.988266,16.454489
2017,KS,RX,All,All,Prescription Drugs,All,All,1082.5443,174.95857,10699.077,101.18108,16.352678
2018,KS,RX,All,All,Prescription Drugs,All,All,1150.5341,179.93513,10885.479,105.69438,16.529829
2019,KS,RX,All,All,Prescription Drugs,All,All,1262.4316,175.57158,11030.943,114.44458,15.916279
2020,KS,RX,All,All,Prescription Drugs,All,All,1277.5389,152.69249,10979.135,116.36062,13.907516
2016,KY,IP,All,All,Inpatient,All,All,938.55548,49.761642,53.405552,17574.119,931.76904
2017,KY,IP,All,All,Inpatient,All,All,961.87585,48.898125,53.306664,18044.195,917.29858
2018,KY,IP,All,All,Inpatient,All,All,1000.2576,51.939327,52.325569,19116.037,992.61847
2019,KY,IP,All,All,Inpatient,All,All,960.45709,47.607792,49.220898,19513.197,967.22729
2020,KY,IP,All,All,Inpatient,All,All,897.88782,41.771923,43.451248,20664.258,961.3515
2016,KY,OP,All,All,Outpatient,All,All,1604.3124,249.87593,4254.4111,377.09387,58.733376
2017,KY,OP,All,All,Outpatient,All,All,1725.5374,263.41205,4395.4946,392.56958,59.927746
2018,KY,OP,All,All,Outpatient,All,All,1837.0223,269.88205,4460.4082,411.85071,60.50613
2019,KY,OP,All,All,Outpatient,All,All,1858.4097,293.22244,4410.1016,421.39838,66.488823
2020,KY,OP,All,All,Outpatient,All,All,1660.9045,250.39691,3839.9165,432.53662,65.208946
2016,KY,PH,All,All,Professional Services,All,All,1375.8845,353.58273,17245.758,79.781044,20.502592
2017,KY,PH,All,All,Professional Services,All,All,1423.9203,363.67578,17481.551,81.452744,20.803406
2018,KY,PH,All,All,Professional Services,All,All,1531.6305,396.79938,18536.758,82.626663,21.406084
2019,KY,PH,All,All,Professional Services,All,All,1501.2622,393.82321,18144.141,82.740875,21.705256
2020,KY,PH,All,All,Professional Services,All,All,1365.1088,335.73712,16166.173,84.442299,20.767878
2016,KY,RX,All,All,Prescription Drugs,All,All,1103.5054,190.48094,12297.702,89.732651,15.489149
2017,KY,RX,All,All,Prescription Drugs,All,All,1154.6752,191.3418,12302.193,93.859291,15.553471
2018,KY,RX,All,All,Prescription Drugs,All,All,1237.9825,190.6221,12552.301,98.625946,15.186229
2019,KY,RX,All,All,Prescription Drugs,All,All,1376.8921,197.32884,13405.873,102.70812,14.719583
2020,KY,RX,All,All,Prescription Drugs,All,All,1477.8224,193.45807,13340.431,110.77771,14.501637
2016,LA,IP,All,All,Inpatient,All,All,1091.3156,77.374199,54.657005,19966.617,1415.6318
2017,LA,IP,All,All,Inpatient,All,All,945.74664,64.688469,52.981205,17850.607,1220.9702
2018,LA,IP,All,All,Inpatient,All,All,935.67328,63.871799,51.125931,18301.346,1249.3033
2019,LA,IP,All,All,Inpatient,All,All,936.841,62.554722,48.781345,19204.904,1282.3492
2020,LA,IP,All,All,Inpatient,All,All,965.88385,56.07272,45.285416,21328.807,1238.207
2016,LA,OP,All,All,Outpatient,All,All,1518.3545,289.21732,5518.3447,275.14673,52.410156
2017,LA,OP,All,All,Outpatient,All,All,1363.7294,253.7049,5523.6709,246.88824,45.930489
2018,LA,OP,All,All,Outpatient,All,All,1428.2616,246.3102,5498.3647,259.76117,44.796989
2019,LA,OP,All,All,Outpatient,All,All,1507.7344,271.29831,5559.521,271.19861,48.798862
2020,LA,OP,All,All,Outpatient,All,All,1415.738,238.14621,5031.1997,281.39175,47.333881
2016,LA,PH,All,All,Professional Services,All,All,1567.6533,384.08041,19032.061,82.36908,20.180704
2017,LA,PH,All,All,Professional Services,All,All,1608.1129,401.08817,19276.76,83.422371,20.806826
2018,LA,PH,All,All,Professional Services,All,All,1641.6907,411.72369,19450.852,84.401985,21.167385
2019,LA,PH,All,All,Professional Services,All,All,1702.3726,421.40039,20183.084,84.346504,20.878891
2020,LA,PH,All,All,Professional Services,All,All,1624.6378,382.85376,19100.309,85.058197,20.044374
2016,LA,RX,All,All,Prescription Drugs,All,All,1268.9237,207.19679,12390.241,102.41316,16.72258
2017,LA,RX,All,All,Prescription Drugs,All,All,1326.9404,212.83261,12888.359,102.9565,16.513554
2018,LA,RX,All,All,Prescription Drugs,All,All,1298.8153,204.36186,12930.167,100.44846,15.805043
2019,LA,RX,All,All,Prescription Drugs,All,All,1407.7603,207.8799,13539.172,103.97683,15.353959
2020,LA,RX,All,All,Prescription Drugs,All,All,1437.4019,197.68394,13772.103,104.37054,14.353942
2016,MA,IP,All,All,Inpatient,All,All,934.37421,23.451992,52.872723,17672.141,443.5556
2017,MA,IP,All,All,Inpatient,All,All,941.58966,24.581776,51.405373,18316.949,478.19464
2018,MA,IP,All,All,Inpatient,All,All,964.2215,26.302198,50.562675,19069.828,520.19
2019,MA,IP,All,All,Inpatient,All,All,939.16144,26.945807,48.396736,19405.471,556.7691
2020,MA,IP,All,All,Inpatient,All,All,903.04285,24.351072,44.366707,20354.066,548.85913
2016,MA,OP,All,All,Outpatient,All,All,1353.0775,148.51981,5863.772,230.75209,25.328375
2017,MA,OP,All,All,Outpatient,All,All,1423.2249,157.80565,5816.6309,244.68199,27.130077
2018,MA,OP,All,All,Outpatient,All,All,1490.9486,168.80273,5938.6719,251.05759,28.424324
2019,MA,OP,All,All,Outpatient,All,All,1505.1267,183.446,5779.7319,260.41464,31.739534
2020,MA,OP,All,All,Outpatient,All,All,1319.1719,143.41316,4677.9351,281.99878,30.657368
2016,MA,PH,All,All,Professional Services,All,All,1878.4803,288.6207,16669.76,112.68791,17.31403
2017,MA,PH,All,All,Professional Services,All,All,1922.0334,306.2652,16597.547,115.80225,18.452436
2018,MA,PH,All,All,Professional Services,All,All,1970.0505,323.62048,16635.072,118.42754,19.454107
2019,MA,PH,All,All,Professional Services,All,All,2048.9072,346.26886,16749.672,122.32521,20.673174
2020,MA,PH,All,All,Professional Services,All,All,1890.2826,262.3703,15061.242,125.50643,17.420231
2016,MA,RX,All,All,Prescription Drugs,All,All,973.44812,117.58541,9739.1875,99.951683,12.073432
2017,MA,RX,All,All,Prescription Drugs,All,All,1024.4132,126.14709,9660.5801,106.04055,13.057922
2018,MA,RX,All,All,Prescription Drugs,All,All,1048.6954,125.28125,9662.0557,108.5375,12.966313
2019,MA,RX,All,All,Prescription Drugs,All,All,1051.197,119.50882,9547.9326,110.09682,12.516723
2020,MA,RX,All,All,Prescription Drugs,All,All,1144.6603,113.78868,9609.498,119.1176,11.841272
2016,MD,IP,All,All,Inpatient,All,All,762.66559,33.461964,46.27634,16480.682,723.09009
2017,MD,IP,All,All,Inpatient,All,All,793.61646,32.347977,45.399998,17480.539,712.51056
2018,MD,IP,All,All,Inpatient,All,All,846.57764,28.659996,46.155464,18341.873,620.94482
2019,MD,IP,All,All,Inpatient,All,All,864.72809,27.837933,43.849033,19720.572,634.85852
2020,MD,IP,All,All,Inpatient,All,All,849.36969,24.695482,38.71516,21938.941,637.87628
2016,MD,OP,All,All,Outpatient,All,All,955.57898,122.99866,3063.4294,311.93112,40.150642
2017,MD,OP,All,All,Outpatient,All,All,1018.3635,128.52213,3088.126,329.76746,41.618164
2018,MD,OP,All,All,Outpatient,All,All,1013.8603,113.26861,3073.1174,329.91266,36.857883
2019,MD,OP,All,All,Outpatient,All,All,1046.1395,115.81217,3019.4355,346.4686,38.355572
2020,MD,OP,All,All,Outpatient,All,All,969.25513,91.867119,2469.4937,392.49142,37.20079
2016,MD,PH,All,All,Professional Services,All,All,1626.8354,341.05182,18021.49,90.271965,18.924728
2017,MD,PH,All,All,Professional Services,All,All,1706.7286,354.87833,18409.828,92.707474,19.276569
2018,MD,PH,All,All,Professional Services,All,All,1858.3958,335.41174,21183.283,87.729355,15.833794
2019,MD,PH,All,All,Professional Services,All,All,1936.02,341.4931,21715.717,89.152939,15.725618
2020,MD,PH,All,All,Professional Services,All,All,1856.467,290.69327,20040.221,92.637054,14.505491
2016,MD,RX,All,All,Prescription Drugs,All,All,1119.6071,144.97028,9612.4346,116.47487,15.081534
2017,MD,RX,All,All,Prescription Drugs,All,All,1175.3746,133.2411,9808.8701,119.82773,13.583736
2018,MD,RX,All,All,Prescription Drugs,All,All,1294.8383,152.73158,10703.889,120.96895,14.268794
2019,MD,RX,All,All,Prescription Drugs,All,All,1308.1561,143.58282,10727.907,121.93954,13.384048
2020,MD,RX,All,All,Prescription Drugs,All,All,1368.0052,145.45953,10859.147,125.97722,13.395116
2016,ME,IP,All,All,Inpatient,All,All,1215.8368,48.46291,50.493137,24079.248,959.79199
2017,ME,IP,All,All,Inpatient,All,All,1156.584,46.750916,46.833336,24695.74,998.24011
2018,ME,IP,All,All,Inpatient,All,All,1119.4207,50.731792,44.390736,25217.438,1142.8463
2019,ME,IP,All,All,Inpatient,All,All,1295.8677,49.091724,44.334682,29229.209,1107.2985
2020,ME,IP,All,All,Inpatient,All,All,1118.4286,48.494377,39.092396,28609.877,1240.5067
2016,ME,OP,All,All,Outpatient,All,All,2133.2949,353.31296,6302.9502,338.45972,56.055168
2017,ME,OP,All,All,Outpatient,All,All,2179.6621,379.92062,6012.4409,362.52533,63.189079
2018,ME,OP,All,All,Outpatient,All,All,2176.9595,384.52789,5721.0728,380.51599,67.212555
2019,ME,OP,All,All,Outpatient,All,All,2288.9141,382.55347,5666.4238,403.94333,67.512329
2020,ME,OP,All,All,Outpatient,All,All,2049.949,327.25327,4811.354,426.06485,68.016876
2016,ME,PH,All,All,Professional Services,All,All,1593.6787,382.95874,15106.563,105.49578,25.350487
2017,ME,PH,All,All,Professional Services,All,All,1586.9563,409.77573,14570.826,108.91326,28.123028
2018,ME,PH,All,All,Professional Services,All,All,1529.6622,418.92886,14067.918,108.73409,29.779024
2019,ME,PH,All,All,Professional Services,All,All,1635.8724,436.07471,14653.889,111.63401,29.758291
2020,ME,PH,All,All,Professional Services,All,All,1529.6177,378.60693,13214.072,115.75673,28.6518
2016,ME,RX,All,All,Prescription Drugs,All,All,1080.2224,130.77589,10591.088,101.99353,12.34773
2017,ME,RX,All,All,Prescription Drugs,All,All,1028.2831,129.77582,10103.308,101.77688,12.844884
2018,ME,RX,All,All,Prescription Drugs,All,All,992.00079,130.97643,9366.1729,105.91314,13.983985
2019,ME,RX,All,All,Prescription Drugs,All,All,1087.87,132.72102,9903.2246,109.85007,13.401798
2020,ME,RX,All,All,Prescription Drugs,All,All,1157.5444,125.91289,10195.678,113.53287,12.349635
2016,MI,IP,All,All,Inpatient,All,All,907.67004,13.773638,55.515877,16349.738,248.10268
2017,MI,IP,All,All,Inpatient,All,All,907.25909,14.98494,55.075062,16473.137,272.08209
2018,MI,IP,All,All,Inpatient,All,All,975.0683,15.587264,53.868458,18100.912,289.35788
2019,MI,IP,All,All,Inpatient,All,All,938.63947,16.67841,51.536774,18213.004,323.62155
2020,MI,IP,All,All,Inpatient,All,All,897.0531,15.250097,46.716789,19201.943,326.43719
2016,MI,OP,All,All,Outpatient,All,All,1083.3506,112.7309,6733.084,160.89961,16.742832
2017,MI,OP,All,All,Outpatient,All,All,1174.4752,121.9805,6797.6104,172.77766,17.944614
2018,MI,OP,All,All,Outpatient,All,All,1317.9532,74.712372,7336.939,179.63258,10.183044
2019,MI,OP,All,All,Outpatient,All,All,1297.7517,141.89577,7178.0493,180.79448,19.768011
2020,MI,OP,All,All,Outpatient,All,All,1223.6226,125.6223,6339.1191,193.02722,19.816996
2016,MI,PH,All,All,Professional Services,All,All,1476.2061,308.90579,15187.663,97.197708,20.339258
2017,MI,PH,All,All,Professional Services,All,All,1519.972,322.68793,15242.127,99.721786,21.170794
2018,MI,PH,All,All,Professional Services,All,All,1585.0631,340.25101,15605.811,101.56878,21.802839
2019,MI,PH,All,All,Professional Services,All,All,1648.1858,351.86063,15776.146,104.47329,22.303333
2020,MI,PH,All,All,Professional Services,All,All,1575.7102,311.57422,14442.343,109.10351,21.573662
2016,MI,RX,All,All,Prescription Drugs,All,All,1008.801,132.22714,10642.072,94.793663,12.424943
2017,MI,RX,All,All,Prescription Drugs,All,All,1024.9388,129.02826,10682.896,95.942039,12.078023
2018,MI,RX,All,All,Prescription Drugs,All,All,1090.6588,131.76694,10847.089,100.54852,12.147677
2019,MI,RX,All,All,Prescription Drugs,All,All,1151.765,136.79025,10897.761,105.68822,12.552143
2020,MI,RX,All,All,Prescription Drugs,All,All,1261.3979,140.04382,11209.592,112.52845,12.493215
2016,MN,IP,All,All,Inpatient,All,All,955.23877,41.963276,49.465305,19311.289,848.33752
2017,MN,IP,All,All,Inpatient,All,All,949.71149,41.55294,45.982582,20653.723,903.66693
2018,MN,IP,All,All,Inpatient,All,All,973.90033,42.513691,45.353489,21473.547,937.38513
2019,MN,IP,All,All,Inpatient,All,All,1015.6378,46.183258,47.06802,21578.086,981.20251
2020,MN,IP,All,All,Inpatient,All,All,933.31348,42.583973,41.527325,22474.684,1025.4447
2016,MN,OP,All,All,Outpatient,All,All,1163.2129,164.69586,3079.0513,377.7829,53.489159
2017,MN,OP,All,All,Outpatient,All,All,1212.3065,178.02931,3331.3948,363.90359,53.439873
2018,MN,OP,All,All,Outpatient,All,All,1326.9312,185.28026,3470.4507,382.35123,53.387951
2019,MN,OP,All,All,Outpatient,All,All,1309.1965,194.63484,3458.802,378.51154,56.272331
2020,MN,OP,All,All,Outpatient,All,All,1185.7238,166.00313,3120.4072,379.99008,53.199188
2016,MN,PH,All,All,Professional Services,All,All,2191.1372,481.27148,15482.467,141.52377,31.084936
2017,MN,PH,All,All,Professional Services,All,All,2298.26,493.9921,15445.552,148.79755,31.982807
2018,MN,PH,All,All,Professional Services,All,All,2376.4526,510.41986,15489.331,153.42513,32.952995
2019,MN,PH,All,All,Professional Services,All,All,2440.8401,534.19019,15442.117,158.06383,34.593063
2020,MN,PH,All,All,Professional Services,All,All,2226.7583,463.18005,13920.236,159.96556,33.273869
2016,MN,RX,All,All,Prescription Drugs,All,All,803.24481,115.02713,8609.3369,93.299271,13.360743
2017,MN,RX,All,All,Prescription Drugs,All,All,864.18866,127.0335,8869.5049,97.433701,14.322503
2018,MN,RX,All,All,Prescription Drugs,All,All,910.99414,124.63294,8937.6357,101.92787,13.944733
2019,MN,RX,All,All,Prescription Drugs,All,All,949.15808,123.53306,9067.3896,104.67821,13.623884
2020,MN,RX,All,All,Prescription Drugs,All,All,988.02106,119.22839,8944.4189,110.4623,13.329921
2016,MO,IP,All,All,Inpatient,All,All,908.91388,44.842911,53.545586,16974.58,837.47168
2017,MO,IP,All,All,Inpatient,All,All,899.77087,44.384319,51.825283,17361.619,856.42212
2018,MO,IP,All,All,Inpatient,All,All,1049.3379,51.642452,57.379425,18287.703,900.01697
2019,MO,IP,All,All,Inpatient,All,All,1079.6416,51.26474,56.653313,19056.99,904.88519
2020,MO,IP,All,All,Inpatient,All,All,1015.1113,44.42577,50.186878,20226.627,885.20685
2016,MO,OP,All,All,Outpatient,All,All,1489.6859,217.98746,4300.2456,346.41879,50.69186
2017,MO,OP,All,All,Outpatient,All,All,1554.5159,239.12553,4173.2539,372.49493,57.299541
2018,MO,OP,All,All,Outpatient,All,All,1771.1694,267.32455,4555.9272,388.7616,58.676216
2019,MO,OP,All,All,Outpatient,All,All,1849.478,295.2702,4791.7427,385.97189,61.620628
2020,MO,OP,All,All,Outpatient,All,All,1725.0269,259.58096,4443.8696,388.18124,58.413273
2016,MO,PH,All,All,Professional Services,All,All,1277.337,269.59009,13445.239,95.002922,20.05097
2017,MO,PH,All,All,Professional Services,All,All,1310.748,305.18646,13926.975,94.115784,21.913336
2018,MO,PH,All,All,Professional Services,All,All,1480.3394,354.57697,15337.39,96.518333,23.118467
2019,MO,PH,All,All,Professional Services,All,All,1516.8086,361.60648,15401.613,98.483749,23.478479
2020,MO,PH,All,All,Professional Services,All,All,1448.8889,323.62051,14435.918,100.36694,22.41773
2016,MO,RX,All,All,Prescription Drugs,All,All,928.71582,146.10892,9723.9043,95.50853,15.025747
2017,MO,RX,All,All,Prescription Drugs,All,All,1070.5442,159.8765,10525.875,101.70596,15.188903
2018,MO,RX,All,All,Prescription Drugs,All,All,1151.9298,165.09914,10850.347,106.16525,15.216023
2019,MO,RX,All,All,Prescription Drugs,All,All,1128.5967,151.96536,10135.375,111.35223,14.993561
2020,MO,RX,All,All,Prescription Drugs,All,All,1190.701,132.62053,10111.627,117.75563,13.115646
2016,MS,IP,All,All,Inpatient,All,All,840.22308,52.069481,56.074123,14984.15,928.58301
2017,MS,IP,All,All,Inpatient,All,All,872.74127,54.049648,56.979248,15316.826,948.58484
2018,MS,IP,All,All,Inpatient,All,All,852.80573,53.258095,54.822132,15555.865,971.47064
2019,MS,IP,All,All,Inpatient,All,All,861.84076,52.762268,53.292244,16171.974,990.0553
2020,MS,IP,All,All,Inpatient,All,All,834.88733,47.310841,49.28286,16940.723,959.98566
2016,MS,OP,All,All,Outpatient,All,All,1271.7461,209.48421,4605.0195,276.16519,45.490402
2017,MS,OP,All,All,Outpatient,All,All,1274.1292,215.9873,4543.8545,280.40714,47.533939
2018,MS,OP,All,All,Outpatient,All,All,1289.4244,199.47876,4625.9312,278.73834,43.121861
2019,MS,OP,All,All,Outpatient,All,All,1238.0802,218.92723,4635.8218,267.06812,47.225117
2020,MS,OP,All,All,Outpatient,All,All,1090.7559,179.7233,4204.9927,259.39542,42.740456
2016,MS,PH,All,All,Professional Services,All,All,1678.976,397.33472,16636.324,100.92229,23.883564
2017,MS,PH,All,All,Professional Services,All,All,1742.6904,423.0968,17035.797,102.29579,24.835751
2018,MS,PH,All,All,Professional Services,All,All,1783.8286,436.62122,17103.156,104.29821,25.528692
2019,MS,PH,All,All,Professional Services,All,All,1806.6141,449.62558,17484.625,103.32587,25.715483
2020,MS,PH,All,All,Professional Services,All,All,1761.13,422.61447,16853.779,104.49467,25.075356
2016,MS,RX,All,All,Prescription Drugs,All,All,1034.2584,174.3127,11931.409,86.68367,14.609566
2017,MS,RX,All,All,Prescription Drugs,All,All,995.85437,166.47865,11460.622,86.89357,14.526145
2018,MS,RX,All,All,Prescription Drugs,All,All,1127.6017,164.10478,11676.593,96.56942,14.054168
2019,MS,RX,All,All,Prescription Drugs,All,All,1227.1957,163.86867,11894.49,103.17345,13.776855
2020,MS,RX,All,All,Prescription Drugs,All,All,1279.2408,162.83698,12268.343,104.27168,13.272939
2016,MT,IP,All,All,Inpatient,All,All,1078.5233,58.304081,53.818089,20040.164,1083.3547
2017,MT,IP,All,All,Inpatient,All,All,1073.6022,65.634995,53.126236,20208.512,1235.4536
2018,MT,IP,All,All,Inpatient,All,All,1041.3464,57.603863,50.237011,20728.67,1146.6418
2019,MT,IP,All,All,Inpatient,All,All,1126.7903,59.887333,48.862347,23060.502,1225.6337
2020,MT,IP,All,All,Inpatient,All,All,1071.8002,57.385761,46.982216,22812.889,1221.4358
2016,MT,OP,All,All,Outpatient,All,All,1709.0577,297.45166,5365.4307,318.53131,55.438541
2017,MT,OP,All,All,Outpatient,All,All,1843.2645,306.37943,5241.4429,351.6712,58.453262
2018,MT,OP,All,All,Outpatient,All,All,2004.4731,317.83072,5315.7495,377.08194,59.79039
2019,MT,OP,All,All,Outpatient,All,All,2071.8167,336.91608,5418.9404,382.3287,62.17379
2020,MT,OP,All,All,Outpatient,All,All,1938.3462,312.5083,5078.2334,381.69693,61.53878
2016,MT,PH,All,All,Professional Services,All,All,1677.4768,409.87848,14302.915,117.28217,28.65699
2017,MT,PH,All,All,Professional Services,All,All,1687.4685,426.82083,14471.396,116.60716,29.494101
2018,MT,PH,All,All,Professional Services,All,All,1741.6105,446.10242,13694.557,127.17538,32.575165
2019,MT,PH,All,All,Professional Services,All,All,1862.4847,466.62625,13569.786,137.25232,34.38715
2020,MT,PH,All,All,Professional Services,All,All,1836.8501,434.86911,13132.038,139.87547,33.115128
2016,MT,RX,All,All,Prescription Drugs,All,All,761.5163,124.15481,8793.3105,86.601776,14.119233
2017,MT,RX,All,All,Prescription Drugs,All,All,826.97882,123.40515,9134.5078,90.533485,13.509776
2018,MT,RX,All,All,Prescription Drugs,All,All,953.4043,129.39902,9913.7148,96.170235,13.052526
2019,MT,RX,All,All,Prescription Drugs,All,All,1035.8547,128.51767,10361.499,99.971519,12.403386
2020,MT,RX,All,All,Prescription Drugs,All,All,1088.9469,127.36318,10551.306,103.20493,12.070846
2016,NC,IP,All,All,Inpatient,All,All,847.55176,52.87011,48.717827,17397.158,1085.2313
2017,NC,IP,All,All,Inpatient,All,All,850.95996,52.979797,47.401127,17952.314,1117.6907
2018,NC,IP,All,All,Inpatient,All,All,894.10974,52.32468,47.04882,19003.871,1112.1359
2019,NC,IP,All,All,Inpatient,All,All,930.43311,51.333836,47.514759,19581.982,1080.3767
2020,NC,IP,All,All,Inpatient,All,All,888.0495,46.922039,43.99408,20185.66,1066.5535
2016,NC,OP,All,All,Outpatient,All,All,1469.8615,246.39244,3563.0151,412.53305,69.152794
2017,NC,OP,All,All,Outpatient,All,All,1586.8502,261.46362,3619.229,438.4498,72.242905
2018,NC,OP,All,All,Outpatient,All,All,1665.4219,265.17313,3684.4976,452.00787,71.969955
2019,NC,OP,All,All,Outpatient,All,All,1748.6981,277.98416,3733.0515,468.43665,74.46566
2020,NC,OP,All,All,Outpatient,All,All,1628.547,239.68719,3379.0356,481.95615,70.933609
2016,NC,PH,All,All,Professional Services,All,All,1637.4521,362.74677,15858.149,103.2562,22.87447
2017,NC,PH,All,All,Professional Services,All,All,1717.066,389.65738,16212.309,105.91125,24.034662
2018,NC,PH,All,All,Professional Services,All,All,1758.8319,404.61673,16229.787,108.37061,24.930502
2019,NC,PH,All,All,Professional Services,All,All,1853.926,421.66391,16566.742,111.90649,25.452435
2020,NC,PH,All,All,Professional Services,All,All,1796.4016,391.3566,15654.155,114.75557,25.000174
2016,NC,RX,All,All,Prescription Drugs,All,All,1114.2067,163.85326,11279.331,98.783043,14.526859
2017,NC,RX,All,All,Prescription Drugs,All,All,1147.2659,160.552,11428.621,100.38533,14.048241
2018,NC,RX,All,All,Prescription Drugs,All,All,1245.0514,167.12016,11671.893,106.67091,14.318172
2019,NC,RX,All,All,Prescription Drugs,All,All,1332.1885,165.61725,11884.79,112.09188,13.935226
2020,NC,RX,All,All,Prescription Drugs,All,All,1448.3623,168.43002,12106.021,119.63983,13.912912
2016,ND,IP,All,All,Inpatient,All,All,833.84216,40.883141,53.549568,15571.407,763.4635
2017,ND,IP,All,All,Inpatient,All,All,800.08655,42.27092,50.933712,15708.389,829.92029
2018,ND,IP,All,All,Inpatient,All,All,1106.365,36.907829,53.195145,20798.232,693.81952
2019,ND,IP,All,All,Inpatient,All,All,797.6153,35.255005,42.371605,18824.287,832.04315
2020,ND,IP,All,All,Inpatient,All,All,679.54144,32.950397,37.851002,17953.064,870.52905
2016,ND,OP,All,All,Outpatient,All,All,1159.9607,186.17383,4104.2974,282.62103,45.36071
2017,ND,OP,All,All,Outpatient,All,All,1129.701,202.63489,4211.1558,268.26389,48.118591
2018,ND,OP,All,All,Outpatient,All,All,1378.7955,208.45366,4248.1987,324.56003,49.068714
2019,ND,OP,All,All,Outpatient,All,All,1255.4008,198.23827,3938.1086,318.78268,50.338444
2020,ND,OP,All,All,Outpatient,All,All,1116.1437,184.62753,3496.228,319.24225,52.807636
2016,ND,PH,All,All,Professional Services,All,All,1935.9236,422.28439,14070.861,137.58388,30.011269
2017,ND,PH,All,All,Professional Services,All,All,2045.2435,437.43985,14993.51,136.4086,29.175282
2018,ND,PH,All,All,Professional Services,All,All,2199.4465,483.68082,15521.21,141.70586,31.162571
2019,ND,PH,All,All,Professional Services,All,All,1902.1517,420.08466,12674.178,150.08087,33.144924
2020,ND,PH,All,All,Professional Services,All,All,1742.1597,395.68848,11903.955,146.35132,33.240086
2016,ND,RX,All,All,Prescription Drugs,All,All,863.37994,148.0564,9421.7139,91.637245,15.714381
2017,ND,RX,All,All,Prescription Drugs,All,All,901.26501,151.05534,9849.5273,91.503372,15.336305
2018,ND,RX,All,All,Prescription Drugs,All,All,1014.7657,154.51186,9989.9688,101.57847,15.466702
2019,ND,RX,All,All,Prescription Drugs,All,All,1113.8115,160.05836,9995.7236,111.4288,16.012684
2020,ND,RX,All,All,Prescription Drugs,All,All,1056.3523,132.33844,9600.9355,110.02598,13.783911
2016,NE,IP,All,All,Inpatient,All,All,1201.8481,66.236656,67.968498,17682.428,974.5199
2017,NE,IP,All,All,Inpatient,All,All,1186.3909,60.796078,65.234627,18186.52,931.96021
2018,NE,IP,All,All,Inpatient,All,All,1200.6761,62.112118,64.335197,18662.82,965.44537
2019,NE,IP,All,All,Inpatient,All,All,1192.3284,61.656742,61.017185,19540.861,1010.4816
2020,NE,IP,All,All,Inpatient,All,All,1199.3124,67.010742,57.792236,20752.137,1159.5111
2016,NE,OP,All,All,Outpatient,All,All,1649.374,268.66388,4291.4229,384.34201,62.604851
2017,NE,OP,All,All,Outpatient,All,All,1703.2554,281.98602,4347.5728,391.77155,64.860565
2018,NE,OP,All,All,Outpatient,All,All,1772.1693,290.41974,4606.5342,384.70773,63.045174
2019,NE,OP,All,All,Outpatient,All,All,1840.7563,319.69843,4963.0859,370.8895,64.415253
2020,NE,OP,All,All,Outpatient,All,All,1836.0524,319.2811,4898.0254,374.85565,65.185677
2016,NE,PH,All,All,Professional Services,All,All,2094.2114,490.59265,18274.424,114.59795,26.845861
2017,NE,PH,All,All,Professional Services,All,All,2183.6577,526.6098,18935.299,115.32207,27.81101
2018,NE,PH,All,All,Professional Services,All,All,2298.4709,555.02258,20222.336,113.66001,27.446018
2019,NE,PH,All,All,Professional Services,All,All,2285.2603,572.26172,18189.932,125.63326,31.460358
2020,NE,PH,All,All,Professional Services,All,All,2245.5232,528.23645,17031.465,131.84557,31.015326
2016,NE,RX,All,All,Prescription Drugs,All,All,994.74591,159.65459,10520.913,94.549393,15.174974
2017,NE,RX,All,All,Prescription Drugs,All,All,1036.9321,168.864,10778.47,96.204025,15.666787
2018,NE,RX,All,All,Prescription Drugs,All,All,1150.33,173.67609,10966.242,104.89736,15.837338
2019,NE,RX,All,All,Prescription Drugs,All,All,1198.0107,171.57751,11146.343,107.48016,15.393167
2020,NE,RX,All,All,Prescription Drugs,All,All,1253.7352,169.87253,11268.491,111.26027,15.075003
2016,NH,IP,All,All,Inpatient,All,All,1068.7198,33.524837,49.901001,21416.801,671.82697
2017,NH,IP,All,All,Inpatient,All,All,1080.2794,34.066639,48.580364,22236.955,701.24298
2018,NH,IP,All,All,Inpatient,All,All,1039.7155,36.567261,48.076313,21626.355,760.6087
2019,NH,IP,All,All,Inpatient,All,All,1010.9639,36.3377,45.532253,22203.248,798.065
2020,NH,IP,All,All,Inpatient,All,All,1021.5206,34.133408,42.192322,24211.055,808.99573
2016,NH,OP,All,All,Outpatient,All,All,1900.6852,230.3587,5964.9546,318.64203,38.618687
2017,NH,OP,All,All,Outpatient,All,All,1935.8551,238.32533,5789.252,334.38779,41.166862
2018,NH,OP,All,All,Outpatient,All,All,2139.53,262.92465,5824.2363,367.34946,45.1432
2019,NH,OP,All,All,Outpatient,All,All,2196.2429,271.75073,5747.8701,382.09683,47.278507
2020,NH,OP,All,All,Outpatient,All,All,2036.0455,237.86736,4944.1396,411.80988,48.11097
2016,NH,PH,All,All,Professional Services,All,All,1812.1849,330.54959,14576.118,124.32561,22.677477
2017,NH,PH,All,All,Professional Services,All,All,1828.1189,344.58017,14490.546,126.15942,23.779655
2018,NH,PH,All,All,Professional Services,All,All,1885.3688,371.04141,14649.726,128.69652,25.327532
2019,NH,PH,All,All,Professional Services,All,All,1949.8658,387.51981,14810.804,131.6516,26.164671
2020,NH,PH,All,All,Professional Services,All,All,1806.9623,325.46219,13687.181,132.0186,23.778614
2016,NH,RX,All,All,Prescription Drugs,All,All,1066.2158,128.21834,10097.22,105.59499,12.69838
2017,NH,RX,All,All,Prescription Drugs,All,All,1072.0563,131.0898,10033.535,106.84731,13.065166
2018,NH,RX,All,All,Prescription Drugs,All,All,1126.4159,133.87717,10156.925,110.90128,13.180877
2019,NH,RX,All,All,Prescription Drugs,All,All,1149.2329,131.00902,10183.65,112.85078,12.864642
2020,NH,RX,All,All,Prescription Drugs,All,All,1293.0197,128.16487,10306.376,125.45823,12.435493
2016,NJ,IP,All,All,Inpatient,All,All,973.22137,38.218189,50.981098,19089.848,749.65411
2017,NJ,IP,All,All,Inpatient,All,All,1006.2974,37.42765,49.447639,20350.768,756.91479
2018,NJ,IP,All,All,Inpatient,All,All,1077.5381,38.1507,49.489269,21773.168,770.88837
2019,NJ,IP,All,All,Inpatient,All,All,1125.2086,36.820339,49.123631,22905.648,749.54431
2020,NJ,IP,All,All,Inpatient,All,All,1159.5958,34.239048,44.18858,26241.979,774.83929
2016,NJ,OP,All,All,Outpatient,All,All,1415.1512,159.18387,2784.0913,508.29913,57.176239
2017,NJ,OP,All,All,Outpatient,All,All,1487.9032,158.40976,2788.9553,533.49841,56.798962
2018,NJ,OP,All,All,Outpatient,All,All,1555.6528,164.01463,2855.6372,544.76556,57.43539
2019,NJ,OP,All,All,Outpatient,All,All,1702.9012,163.2899,3277.6384,519.55127,49.819378
2020,NJ,OP,All,All,Outpatient,All,All,1501.9849,143.03088,2849.7588,527.05682,50.190521
2016,NJ,PH,All,All,Professional Services,All,All,2157.7312,413.09128,20733.902,104.06779,19.92347
2017,NJ,PH,All,All,Professional Services,All,All,2252.915,416.68768,20869.689,107.95152,19.966166
2018,NJ,PH,All,All,Professional Services,All,All,2353.9275,432.41092,21233.098,110.86124,20.364948
2019,NJ,PH,All,All,Professional Services,All,All,2389.353,415.44769,21428.113,111.50552,19.387974
2020,NJ,PH,All,All,Professional Services,All,All,2327.2449,366.15079,20567.652,113.15073,17.802265
2016,NJ,RX,All,All,Prescription Drugs,All,All,1223.656,164.47534,9407.6494,130.07033,17.48315
2017,NJ,RX,All,All,Prescription Drugs,All,All,1241.3925,161.5829,9407.0996,131.96336,17.176699
2018,NJ,RX,All,All,Prescription Drugs,All,All,1279.49,159.85231,9493.8594,134.77026,16.837442
2019,NJ,RX,All,All,Prescription Drugs,All,All,1283.734,153.13214,9518.1543,134.87216,16.088428
2020,NJ,RX,All,All,Prescription Drugs,All,All,1364.0597,147.4632,9728.7617,140.20898,15.157449
2016,NM,IP,All,All,Inpatient,All,All,1038.3302,48.854248,53.433743,19432.107,914.2959
2017,NM,IP,All,All,Inpatient,All,All,1036.6262,49.801094,50.713821,20440.705,982.00244
2018,NM,IP,All,All,Inpatient,All,All,978.78967,51.42514,50.27668,19468.066,1022.8428
2019,NM,IP,All,All,Inpatient,All,All,1015.6191,50.074692,49.654957,20453.529,1008.4531
2020,NM,IP,All,All,Inpatient,All,All,1026.875,46.691795,46.720982,21978.885,999.37531
2016,NM,OP,All,All,Outpatient,All,All,1971.0504,253.64015,5621.3813,350.63452,45.120605
2017,NM,OP,All,All,Outpatient,All,All,2001.144,267.3924,5513.0215,362.98502,48.501972
2018,NM,OP,All,All,Outpatient,All,All,2067.377,279.74524,5422.1216,381.28561,51.593319
2019,NM,OP,All,All,Outpatient,All,All,2286.2507,297.09296,5663.2407,403.70007,52.459881
2020,NM,OP,All,All,Outpatient,All,All,2136.4231,255.25826,5192.4746,411.44601,49.159267
2016,NM,PH,All,All,Professional Services,All,All,1715.7968,357.3309,14861.715,115.4508,24.04372
2017,NM,PH,All,All,Professional Services,All,All,1692.5126,369.54865,14671.015,115.36439,25.189032
2018,NM,PH,All,All,Professional Services,All,All,1659.3716,369.82849,14313.235,115.93267,25.838219
2019,NM,PH,All,All,Professional Services,All,All,1724.7759,381.3576,14453.68,119.33126,26.384811
2020,NM,PH,All,All,Professional Services,All,All,1704.2729,326.83972,13716.742,124.24764,23.827795
2016,NM,RX,All,All,Prescription Drugs,All,All,877.24359,118.98407,9020.0166,97.255203,13.191113
2017,NM,RX,All,All,Prescription Drugs,All,All,927.29901,115.53771,9183.1807,100.97797,12.581449
2018,NM,RX,All,All,Prescription Drugs,All,All,955.70929,112.13623,9127.3916,104.70782,12.285682
2019,NM,RX,All,All,Prescription Drugs,All,All,1033.8761,111.94703,8792.1904,117.59027,12.732553
2020,NM,RX,All,All,Prescription Drugs,All,All,1035.1949,109.13589,9133.4453,113.34113,11.949039
2016,NV,IP,All,All,Inpatient,All,All,896.88226,48.109993,48.27047,18580.352,996.67554
2017,NV,IP,All,All,Inpatient,All,All,958.09283,51.145065,48.632748,19700.568,1051.6589
2018,NV,IP,All,All,Inpatient,All,All,1014.3373,51.965183,48.955811,20719.445,1061.4712
2019,NV,IP,All,All,Inpatient,All,All,1184.9512,53.892651,49.817497,23785.844,1081.8018
2020,NV,IP,All,All,Inpatient,All,All,1168.2896,47.866119,44.997211,25963.6,1063.7574
2016,NV,OP,All,All,Outpatient,All,All,1088.6079,181.80003,2353.627,462.52356,77.242508
2017,NV,OP,All,All,Outpatient,All,All,1161.1069,194.20273,2379.603,487.94144,81.611397
2018,NV,OP,All,All,Outpatient,All,All,1240.2897,200.16615,2395.1753,517.82837,83.570564
2019,NV,OP,All,All,Outpatient,All,All,1285.4432,219.28822,2530.6082,507.95825,86.654358
2020,NV,OP,All,All,Outpatient,All,All,1159.0222,185.19081,2330.0166,497.43085,79.480469
2016,NV,PH,All,All,Professional Services,All,All,1452.1323,348.05914,14277.3,101.70918,24.378498
2017,NV,PH,All,All,Professional Services,All,All,1487.0662,353.78217,14175.338,104.90517,24.957584
2018,NV,PH,All,All,Professional Services,All,All,1537.4886,363.59988,14249.98,107.89408,25.515816
2019,NV,PH,All,All,Professional Services,All,All,1555.2809,372.80112,14642.802,106.21471,25.459686
2020,NV,PH,All,All,Professional Services,All,All,1505.2135,336.61969,13854.3,108.64595,24.297129
2016,NV,RX,All,All,Prescription Drugs,All,All,905.03772,126.28791,8136.2505,111.23523,15.521636
2017,NV,RX,All,All,Prescription Drugs,All,All,916.75354,124.47279,8208.5967,111.68214,15.163712
2018,NV,RX,All,All,Prescription Drugs,All,All,939.14233,122.41246,8208.9834,114.40422,14.912012
2019,NV,RX,All,All,Prescription Drugs,All,All,987.92188,115.12374,8371.9072,118.0044,13.751197
2020,NV,RX,All,All,Prescription Drugs,All,All,1052.8979,112.58214,8573.1729,122.8131,13.13191
2016,NY,IP,All,All,Inpatient,All,All,1130.9512,37.448559,49.926048,22652.529,750.08063
2017,NY,IP,All,All,Inpatient,All,All,1205.0414,34.451359,48.860874,24662.705,705.09088
2018,NY,IP,All,All,Inpatient,All,All,1326.2314,35.778015,49.923195,26565.436,716.66113
2019,NY,IP,All,All,Inpatient,All,All,1436.4164,36.013954,49.538555,28995.928,726.9884
2020,NY,IP,All,All,Inpatient,All,All,1426.0553,31.954493,45.089573,31627.164,708.68915
2016,NY,OP,All,All,Outpatient,All,All,1251.986,140.55327,3798.4568,329.60382,37.002731
2017,NY,OP,All,All,Outpatient,All,All,1356.2209,133.63193,3509.5698,386.43512,38.076443
2018,NY,OP,All,All,Outpatient,All,All,1469.8563,141.6478,3544.1084,414.73233,39.967117
2019,NY,OP,All,All,Outpatient,All,All,1598.0435,152.01035,3713.3892,430.34634,40.935741
2020,NY,OP,All,All,Outpatient,All,All,1479.1191,130.87093,3447.0198,429.10086,37.966396
2016,NY,PH,All,All,Professional Services,All,All,2084.9504,426.66315,20411.902,102.14385,20.902666
2017,NY,PH,All,All,Professional Services,All,All,2172.0264,416.37494,21098.676,102.94611,19.734648
2018,NY,PH,All,All,Professional Services,All,All,2280.6841,434.5188,21615.014,105.51388,20.102638
2019,NY,PH,All,All,Professional Services,All,All,2374.3911,441.17398,21741.77,109.20873,20.291538
2020,NY,PH,All,All,Professional Services,All,All,2298.0015,378.18552,20497.217,112.11285,18.450579
2016,NY,RX,All,All,Prescription Drugs,All,All,1172.5057,139.11938,9140.2373,128.27957,15.220545
2017,NY,RX,All,All,Prescription Drugs,All,All,1228.8042,134.53935,9113.791,134.82909,14.762172
2018,NY,RX,All,All,Prescription Drugs,All,All,1281.1267,133.82481,9200.9951,139.23784,14.544602
2019,NY,RX,All,All,Prescription Drugs,All,All,1361.3274,132.59439,9552.3838,142.51181,13.880765
2020,NY,RX,All,All,Prescription Drugs,All,All,1437.7686,126.92595,9692.6475,148.336,13.095076
2016,OH,IP,All,All,Inpatient,All,All,1090.3937,46.295982,52.66906,20702.736,878.99768
2017,OH,IP,All,All,Inpatient,All,All,1071.8335,44.753529,51.275555,20903.4,872.80444
2018,OH,IP,All,All,Inpatient,All,All,1188.418,46.1479,51.342777,23146.742,898.8197
2019,OH,IP,All,All,Inpatient,All,All,1165.5945,45.576344,50.293957,23175.635,906.19922
2020,OH,IP,All,All,Inpatient,All,All,1096.0758,40.710236,43.361885,25277.402,938.84839
2016,OH,OP,All,All,Outpatient,All,All,1814.6901,275.63269,4744.4492,382.487,58.095825
2017,OH,OP,All,All,Outpatient,All,All,1907.2631,290.30716,4690.7056,406.60477,61.889874
2018,OH,OP,All,All,Outpatient,All,All,2095.6851,310.54099,4891.3008,428.45148,63.488426
2019,OH,OP,All,All,Outpatient,All,All,2172.9465,330.69122,4992.8286,435.2135,66.233238
2020,OH,OP,All,All,Outpatient,All,All,1937.8931,286.29825,4215.2803,459.73059,67.919151
2016,OH,PH,All,All,Professional Services,All,All,1368.6222,327.57678,14578.157,93.881699,22.470383
2017,OH,PH,All,All,Professional Services,All,All,1421.0078,338.05133,14730.998,96.463783,22.948298
2018,OH,PH,All,All,Professional Services,All,All,1477.1128,363.27823,15027.604,98.293304,24.174065
2019,OH,PH,All,All,Professional Services,All,All,1511.6802,370.47473,15136.247,99.871536,24.475998
2020,OH,PH,All,All,Professional Services,All,All,1419.318,324.78375,13837.791,102.56824,23.470781
2016,OH,RX,All,All,Prescription Drugs,All,All,1014.1426,152.45358,10337.63,98.102051,14.747441
2017,OH,RX,All,All,Prescription Drugs,All,All,1064.8374,153.61922,10507.305,101.34258,14.62023
2018,OH,RX,All,All,Prescription Drugs,All,All,1148.4889,156.33588,10778.751,106.5512,14.504081
2019,OH,RX,All,All,Prescription Drugs,All,All,1204.8291,150.55312,10965.469,109.87484,13.729747
2020,OH,RX,All,All,Prescription Drugs,All,All,1279.2201,147.88693,11119.643,115.04147,13.299611
2016,OK,IP,All,All,Inpatient,All,All,1073.9314,72.478104,64.538521,16640.16,1123.0209
2017,OK,IP,All,All,Inpatient,All,All,1047.7938,71.974861,60.672943,17269.541,1186.2761
2018,OK,IP,All,All,Inpatient,All,All,1064.6702,73.455437,58.971539,18053.967,1245.6083
2019,OK,IP,All,All,Inpatient,All,All,1069.1205,74.435883,58.230469,18360.156,1278.2979
2020,OK,IP,All,All,Inpatient,All,All,1055.8726,70.128876,53.731071,19651.061,1305.1829
2016,OK,OP,All,All,Outpatient,All,All,1522.1945,331.33994,5513.1338,276.1033,60.100109
2017,OK,OP,All,All,Outpatient,All,All,1536.9637,344.8374,5368.0381,286.3176,64.239006
2018,OK,OP,All,All,Outpatient,All,All,1576.6204,345.11652,5238.7891,300.95129,65.877151
2019,OK,OP,All,All,Outpatient,All,All,1651.2167,361.29822,5383.5586,306.71469,67.111412
2020,OK,OP,All,All,Outpatient,All,All,1541.9052,318.84268,4994.7437,308.70557,63.835651
2016,OK,PH,All,All,Professional Services,All,All,1553.3044,397.82587,16821.164,92.34227,23.650318
2017,OK,PH,All,All,Professional Services,All,All,1552.8771,411.60696,16906.512,91.850838,24.346064
2018,OK,PH,All,All,Professional Services,All,All,1554.9788,424.74323,16838.928,92.344284,25.223886
2019,OK,PH,All,All,Professional Services,All,All,1580.3055,429.53165,17051.996,92.675697,25.189524
2020,OK,PH,All,All,Professional Services,All,All,1508.9821,386.05066,16223.01,93.014923,23.79649
2016,OK,RX,All,All,Prescription Drugs,All,All,1155.2046,177.04407,12069.971,95.708984,14.668145
2017,OK,RX,All,All,Prescription Drugs,All,All,1180.7877,174.23775,12474.953,94.652679,13.967006
2018,OK,RX,All,All,Prescription Drugs,All,All,1241.864,163.51062,12627.992,98.342155,12.948268
2019,OK,RX,All,All,Prescription Drugs,All,All,1277.1952,159.29813,12390.204,103.08105,12.85678
2020,OK,RX,All,All,Prescription Drugs,All,All,1337.5039,156.52132,12870.425,103.92073,12.161317
2016,OR,IP,All,All,Inpatient,All,All,919.01062,37.019329,39.556477,23232.873,935.86011
2017,OR,IP,All,All,Inpatient,All,All,878.07434,35.452843,37.231346,23584.275,952.23108
2018,OR,IP,All,All,Inpatient,All,All,942.98859,35.939636,36.969055,25507.51,972.15454
2019,OR,IP,All,All,Inpatient,All,All,958.86774,35.89817,36.210384,26480.463,991.37781
2020,OR,IP,All,All,Inpatient,All,All,822.20093,32.913017,31.75646,25890.824,1036.4197
2016,OR,OP,All,All,Outpatient,All,All,1182.1101,153.83302,3552.0264,332.79883,43.308525
2017,OR,OP,All,All,Outpatient,All,All,1223.4965,160.41052,3436.4453,356.03549,46.679203
2018,OR,OP,All,All,Outpatient,All,All,1367.387,165.88654,3466.0449,394.50931,47.86047
2019,OR,OP,All,All,Outpatient,All,All,1470.0426,196.19809,3531.4702,416.26929,55.557056
2020,OR,OP,All,All,Outpatient,All,All,1416.8063,174.83522,3230.0618,438.63132,54.127514
2016,OR,PH,All,All,Professional Services,All,All,1613.069,350.27841,12321.426,130.91577,28.4284
2017,OR,PH,All,All,Professional Services,All,All,1664.4064,370.71017,12325.649,135.03601,30.076323
2018,OR,PH,All,All,Professional Services,All,All,1792.4633,394.45438,12970.622,138.19409,30.411369
2019,OR,PH,All,All,Professional Services,All,All,1868.7164,415.7811,13393.196,139.5273,31.044203
2020,OR,PH,All,All,Professional Services,All,All,1791.6357,371.26331,12495.224,143.38565,29.712418
2016,OR,RX,All,All,Prescription Drugs,All,All,756.37195,101.52074,7504.0405,100.79529,13.52881
2017,OR,RX,All,All,Prescription Drugs,All,All,768.3667,100.10131,7470.5278,102.85307,13.399496
2018,OR,RX,All,All,Prescription Drugs,All,All,832.29517,101.74718,7688.5679,108.251,13.233568
2019,OR,RX,All,All,Prescription Drugs,All,All,920.82666,100.50784,7708.5059,119.45592,13.038564
2020,OR,RX,All,All,Prescription Drugs,All,All,945.53125,98.369324,8038.3027,117.62822,12.237575
2016,PA,IP,All,All,Inpatient,All,All,990.80157,32.76685,56.459373,17548.93,580.36151
2017,PA,IP,All,All,Inpatient,All,All,1014.215,32.681343,54.838242,18494.666,595.95898
2018,PA,IP,All,All,Inpatient,All,All,1054.7866,33.985832,53.416924,19746.301,636.23718
2019,PA,IP,All,All,Inpatient,All,All,1033.8826,32.575451,48.595135,21275.434,670.34387
2020,PA,IP,All,All,Inpatient,All,All,899.52081,27.708477,39.975266,22501.934,693.14056
2016,PA,OP,All,All,Outpatient,All,All,1651.7686,184.84119,5389.9731,306.45212,34.293526
2017,PA,OP,All,All,Outpatient,All,All,1757.9844,205.03654,5238.5869,335.58371,39.139668
2018,PA,OP,All,All,Outpatient,All,All,1876.6299,219.66673,5286.8921,354.95898,41.549313
2019,PA,OP,All,All,Outpatient,All,All,1951.8357,232.75577,5212.3638,374.46271,44.654552
2020,PA,OP,All,All,Outpatient,All,All,1728.1198,200.71161,4398.2422,392.91144,45.634506
2016,PA,PH,All,All,Professional Services,All,All,1534.5566,273.19669,16362.677,93.783966,16.696333
2017,PA,PH,All,All,Professional Services,All,All,1563.564,293.34842,16501.477,94.752968,17.777102
2018,PA,PH,All,All,Professional Services,All,All,1604.0133,308.54355,16510.773,97.14949,18.687407
2019,PA,PH,All,All,Professional Services,All,All,1616.3414,315.94919,16214.467,99.685143,19.485636
2020,PA,PH,All,All,Professional Services,All,All,1463.5195,264.14182,14224.783,102.88519,18.569128
2016,PA,RX,All,All,Prescription Drugs,All,All,1097.7314,140.52298,10746.558,102.14725,13.076092
2017,PA,RX,All,All,Prescription Drugs,All,All,1143.8348,142.39406,10852.321,105.40002,13.121069
2018,PA,RX,All,All,Prescription Drugs,All,All,1236.8392,144.95554,11199.59,110.43612,12.942932
2019,PA,RX,All,All,Prescription Drugs,All,All,1295.4591,144.66948,11394.557,113.69106,12.696367
2020,PA,RX,All,All,Prescription Drugs,All,All,1399.9341,143.86887,11532.386,121.39154,12.475204
2016,RI,IP,All,All,Inpatient,All,All,985.68268,29.561247,54.615429,18047.695,541.26178
2017,RI,IP,All,All,Inpatient,All,All,1057.8501,29.447624,52.606194,20108.85,559.7749
2018,RI,IP,All,All,Inpatient,All,All,1105.7977,32.372093,51.918945,21298.541,623.51215
2019,RI,IP,All,All,Inpatient,All,All,1100.6328,32.123798,51.220676,21488.057,627.16461
2020,RI,IP,All,All,Inpatient,All,All,1121.8225,28.754143,48.139061,23303.789,597.31421
2016,RI,OP,All,All,Outpatient,All,All,1327.4838,158.50166,6414.3169,206.95638,24.710608
2017,RI,OP,All,All,Outpatient,All,All,1360.4163,158.26593,6255.0786,217.48987,25.301989
2018,RI,OP,All,All,Outpatient,All,All,1378.2593,170.79405,6311.8701,218.35989,27.059183
2019,RI,OP,All,All,Outpatient,All,All,1531.2115,196.06268,6580.8843,232.67566,29.792757
2020,RI,OP,All,All,Outpatient,All,All,1349.7881,147.26202,5932.5366,227.52292,24.822775
2016,RI,PH,All,All,Professional Services,All,All,1576.8522,312.56754,16738.854,94.20311,18.673174
2017,RI,PH,All,All,Professional Services,All,All,1577.1102,324.4288,16496.799,95.60099,19.666168
2018,RI,PH,All,All,Professional Services,All,All,1609.3535,351.23392,16833.844,95.602257,20.864748
2019,RI,PH,All,All,Professional Services,All,All,1692.3854,376.66797,17162.521,98.609367,21.947123
2020,RI,PH,All,All,Professional Services,All,All,1653.2549,290.58829,16305.754,101.39088,17.821211
2016,RI,RX,All,All,Prescription Drugs,All,All,1067.0725,141.67517,11350.565,94.010513,12.481772
2017,RI,RX,All,All,Prescription Drugs,All,All,1175.8694,144.13683,11366.481,103.4506,12.680865
2018,RI,RX,All,All,Prescription Drugs,All,All,1243.7196,145.31738,11481.819,108.32078,12.656303
2019,RI,RX,All,All,Prescription Drugs,All,All,1279.6696,145.06264,11833.08,108.14341,12.259078
2020,RI,RX,All,All,Prescription Drugs,All,All,1349.2546,144.02896,12580.017,107.2538,11.449028
2016,SC,IP,All,All,Inpatient,All,All,1150.2585,29.81146,53.225254,21611.143,560.09991
2017,SC,IP,All,All,Inpatient,All,All,1210.3485,30.633507,52.036407,23259.646,588.69373
2018,SC,IP,All,All,Inpatient,All,All,1284.4933,31.17683,51.782829,24805.391,602.06885
2019,SC,IP,All,All,Inpatient,All,All,1087.1661,22.096294,48.30328,22507.086,457.44913
2020,SC,IP,All,All,Inpatient,All,All,1074.3787,19.711193,45.402386,23663.484,434.14444
2016,SC,OP,All,All,Outpatient,All,All,1597.9812,174.93893,3953.7778,404.16565,44.246021
2017,SC,OP,All,All,Outpatient,All,All,1697.1248,188.27199,3931.8953,431.63019,47.88327
2018,SC,OP,All,All,Outpatient,All,All,1924.199,155.02423,3990.1423,482.23819,38.851807
2019,SC,OP,All,All,Outpatient,All,All,1581.2588,166.52818,3978.2627,397.47467,41.859524
2020,SC,OP,All,All,Outpatient,All,All,1541.1482,147.34848,3717.5859,414.55618,39.635529
2016,SC,PH,All,All,Professional Services,All,All,1477.519,377.53827,15624.773,94.562592,24.1628
2017,SC,PH,All,All,Professional Services,All,All,1520.5564,390.24088,15965.017,95.243019,24.443499
2018,SC,PH,All,All,Professional Services,All,All,1579.3019,401.07877,16001.042,98.699936,25.06579
2019,SC,PH,All,All,Professional Services,All,All,1631.7522,432.81827,16845.311,96.866852,25.693695
2020,SC,PH,All,All,Professional Services,All,All,1624.75,407.66205,17595.729,92.337746,23.168238
2016,SC,RX,All,All,Prescription Drugs,All,All,1057.4275,166.78398,11700.329,90.375877,14.254641
2017,SC,RX,All,All,Prescription Drugs,All,All,1088.3577,157.18263,11619.483,93.666618,13.527506
2018,SC,RX,All,All,Prescription Drugs,All,All,1164.8674,158.05649,12015.781,96.944786,13.154076
2019,SC,RX,All,All,Prescription Drugs,All,All,1131.2888,147.44238,11121.377,101.72202,13.257565
2020,SC,RX,All,All,Prescription Drugs,All,All,1271.3898,162.51445,11857.057,107.22642,13.706138
2016,SD,IP,All,All,Inpatient,All,All,799.12115,46.216526,48.932804,16330.99,944.48962
2017,SD,IP,All,All,Inpatient,All,All,878.05768,47.189434,47.974716,18302.51,983.63135
2018,SD,IP,All,All,Inpatient,All,All,953.44818,49.270313,47.302738,20156.301,1041.5955
2019,SD,IP,All,All,Inpatient,All,All,858.46399,49.333561,43.653854,19665.25,1130.1079
2020,SD,IP,All,All,Inpatient,All,All,773.91431,43.57122,38.99369,19847.168,1117.3916
2016,SD,OP,All,All,Outpatient,All,All,1155.2357,176.41498,2467.1963,468.23825,71.504234
2017,SD,OP,All,All,Outpatient,All,All,1268.9891,172.02879,2460.7393,515.69427,69.909393
2018,SD,OP,All,All,Outpatient,All,All,1262.2092,178.8036,2413.395,523.00153,74.088005
2019,SD,OP,All,All,Outpatient,All,All,1328.2996,189.37009,2344.6831,566.51556,80.765747
2020,SD,OP,All,All,Outpatient,All,All,1276.8448,178.26775,2225.4292,573.75214,80.104881
2016,SD,PH,All,All,Professional Services,All,All,1395.8571,363.64871,12995.955,107.40704,27.981684
2017,SD,PH,All,All,Professional Services,All,All,1433.8513,371.60736,12814.921,111.88921,28.998022
2018,SD,PH,All,All,Professional Services,All,All,1499.2697,393.6976,13039.146,114.98219,30.193512
2019,SD,PH,All,All,Professional Services,All,All,1477.8998,380.92401,12578.021,117.4986,30.284895
2020,SD,PH,All,All,Professional Services,All,All,1410.0337,347.35364,11959.427,117.90144,29.044338
2016,SD,RX,All,All,Prescription Drugs,All,All,668.66534,98.588715,7153.3945,93.47525,13.782088
2017,SD,RX,All,All,Prescription Drugs,All,All,721.24506,97.397324,7162.7065,100.69448,13.597838
2018,SD,RX,All,All,Prescription Drugs,All,All,903.44836,108.49537,7968.5581,113.37664,13.615433
2019,SD,RX,All,All,Prescription Drugs,All,All,931.52289,109.60669,8185.2285,113.80537,13.390792
2020,SD,RX,All,All,Prescription Drugs,All,All,949.65851,103.60499,8114.0728,117.03845,12.768556
2016,TN,IP,All,All,Inpatient,All,All,902.48334,57.182957,51.367332,17569.207,1113.2163
2017,TN,IP,All,All,Inpatient,All,All,945.73462,61.193832,52.018139,18180.861,1176.3942
2018,TN,IP,All,All,Inpatient,All,All,955.64331,60.385635,50.757999,18827.443,1189.6772
2019,TN,IP,All,All,Inpatient,All,All,1013.8026,63.380714,50.249954,20175.195,1261.309
2020,TN,IP,All,All,Inpatient,All,All,985.9588,57.426491,45.632912,21606.309,1258.4446
2016,TN,OP,All,All,Outpatient,All,All,1143.0879,217.37778,3345.6079,341.66821,64.974075
2017,TN,OP,All,All,Outpatient,All,All,1181.928,229.52892,3219.3438,367.13321,71.296806
2018,TN,OP,All,All,Outpatient,All,All,1247.639,231.57895,3445.4143,362.11581,67.213669
2019,TN,OP,All,All,Outpatient,All,All,1266.906,241.74567,3505.0457,361.45209,68.970764
2020,TN,OP,All,All,Outpatient,All,All,1174.1439,213.02528,3126.3423,375.56473,68.138824
2016,TN,PH,All,All,Professional Services,All,All,1764.8934,437.46729,19147.602,92.173088,22.847107
2017,TN,PH,All,All,Professional Services,All,All,1817.2437,457.65643,18944.787,95.923141,24.157379
2018,TN,PH,All,All,Professional Services,All,All,1844.8007,475.35291,19132.766,96.421013,24.844965
2019,TN,PH,All,All,Professional Services,All,All,1906.2266,482.50531,19454.633,97.983162,24.801563
2020,TN,PH,All,All,Professional Services,All,All,1824.8766,442.80981,18332.252,99.544601,24.154688
2016,TN,RX,All,All,Prescription Drugs,All,All,1121.8356,177.28876,12350.844,90.830681,14.354383
2017,TN,RX,All,All,Prescription Drugs,All,All,1112.1915,169.32593,11793.331,94.306816,14.357769
2018,TN,RX,All,All,Prescription Drugs,All,All,1186.9346,170.55844,11797.499,100.609,14.457169
2019,TN,RX,All,All,Prescription Drugs,All,All,1275.9095,172.62993,11749.063,108.5967,14.69308
2020,TN,RX,All,All,Prescription Drugs,All,All,1396.4586,178.20494,11935.423,117.00118,14.930761
2016,TX,IP,All,All,Inpatient,All,All,1129.2566,71.399086,57.387009,19677.912,1244.1682
2017,TX,IP,All,All,Inpatient,All,All,1118.7365,69.455887,55.21516,20261.4,1257.9133
2018,TX,IP,All,All,Inpatient,All,All,1145.2058,71.098885,54.066422,21181.459,1315.0284
2019,TX,IP,All,All,Inpatient,All,All,1181.5051,70.749336,52.753551,22396.693,1341.1294
2020,TX,IP,All,All,Inpatient,All,All,1173.6831,63.218861,49.344955,23785.271,1281.1616
2016,TX,OP,All,All,Outpatient,All,All,1560.746,297.2464,4005.4414,389.6564,74.210648
2017,TX,OP,All,All,Outpatient,All,All,1630.5662,312.58179,4043.6917,403.23703,77.301094
2018,TX,OP,All,All,Outpatient,All,All,1663.1707,320.80133,3921.675,424.09698,81.802116
2019,TX,OP,All,All,Outpatient,All,All,1723.8331,335.3002,3933.3225,438.26385,85.246048
2020,TX,OP,All,All,Outpatient,All,All,1594.2206,264.21503,3575.7249,445.8454,73.891319
2016,TX,PH,All,All,Professional Services,All,All,1773.2107,439.42981,19002.926,93.312515,23.124325
2017,TX,PH,All,All,Professional Services,All,All,1811.4114,451.08054,18903.598,95.823624,23.862152
2018,TX,PH,All,All,Professional Services,All,All,1838.8694,472.24777,18894.66,97.322174,24.993717
2019,TX,PH,All,All,Professional Services,All,All,1893.3197,479.91406,18830.115,100.54743,25.486517
2020,TX,PH,All,All,Professional Services,All,All,1816.5902,402.69794,17680.559,102.74507,22.776314
2016,TX,RX,All,All,Prescription Drugs,All,All,1163.054,176.83557,9725.0547,119.59356,18.183502
2017,TX,RX,All,All,Prescription Drugs,All,All,1118.3735,167.13538,9718.1396,115.08103,17.19829
2018,TX,RX,All,All,Prescription Drugs,All,All,1157.1833,161.82864,9820.3223,117.83557,16.478954
2019,TX,RX,All,All,Prescription Drugs,All,All,1262.9133,163.55704,10393.12,121.51437,15.73705
2020,TX,RX,All,All,Prescription Drugs,All,All,1286.8561,153.51221,10553.623,121.93501,14.545925
2016,UT,IP,All,All,Inpatient,All,All,900.17419,52.146496,48.986172,18376.088,1064.5146
2017,UT,IP,All,All,Inpatient,All,All,762.69983,50.550346,46.456356,16417.557,1088.1255
2018,UT,IP,All,All,Inpatient,All,All,794.76324,52.400719,46.704243,17016.939,1121.9691
2019,UT,IP,All,All,Inpatient,All,All,835.83966,52.61982,46.339302,18037.381,1135.5333
2020,UT,IP,All,All,Inpatient,All,All,803.5058,47.557877,43.122585,18633.063,1102.853
2016,UT,OP,All,All,Outpatient,All,All,1191.7025,196.39735,3490.7778,341.38593,56.261772
2017,UT,OP,All,All,Outpatient,All,All,1182.4551,199.19337,3387.208,349.09433,58.807541
2018,UT,OP,All,All,Outpatient,All,All,1247.8164,210.71347,3286.8955,379.63373,64.10714
2019,UT,OP,All,All,Outpatient,All,All,1334.1637,226.10194,3367.4014,396.1998,67.144341
2020,UT,OP,All,All,Outpatient,All,All,1255.509,201.61011,3203.1731,391.95789,62.94075
2016,UT,PH,All,All,Professional Services,All,All,1301.1599,293.16479,12134.974,107.22397,24.158667
2017,UT,PH,All,All,Professional Services,All,All,1316.2606,312.88013,11921.613,110.40961,26.24478
2018,UT,PH,All,All,Professional Services,All,All,1389.4381,334.94037,12322.674,112.75459,27.180819
2019,UT,PH,All,All,Professional Services,All,All,1439.2897,351.15268,12663.501,113.65654,27.729511
2020,UT,PH,All,All,Professional Services,All,All,1408.4142,328.48984,12264.408,114.83752,26.783997
2016,UT,RX,All,All,Prescription Drugs,All,All,745.29193,123.41715,7652.1074,97.39695,16.128519
2017,UT,RX,All,All,Prescription Drugs,All,All,788.38477,129.62946,7795.1045,101.13844,16.629599
2018,UT,RX,All,All,Prescription Drugs,All,All,884.10107,131.61951,8098.1416,109.17333,16.253052
2019,UT,RX,All,All,Prescription Drugs,All,All,940.24261,124.33714,8021.2642,117.21876,15.50094
2020,UT,RX,All,All,Prescription Drugs,All,All,983.98846,118.46285,7904.3584,124.48682,14.987029
2016,VA,IP,All,All,Inpatient,All,All,928.69733,42.56218,46.071037,20157.941,923.83807
2017,VA,IP,All,All,Inpatient,All,All,951.24805,43.236485,45.17857,21055.295,957.01318
2018,VA,IP,All,All,Inpatient,All,All,993.4032,44.591248,44.825024,22161.801,994.78467
2019,VA,IP,All,All,Inpatient,All,All,1008.2422,44.640221,42.887791,23508.84,1040.8608
2020,VA,IP,All,All,Inpatient,All,All,916.60828,38.135632,36.141273,25361.814,1055.1823
2016,VA,OP,All,All,Outpatient,All,All,1326.5323,195.83192,3219.5129,412.02887,60.826565
2017,VA,OP,All,All,Outpatient,All,All,1377.4922,202.20667,3141.5225,438.47916,64.365814
2018,VA,OP,All,All,Outpatient,All,All,1446.5372,210.51965,3280.0818,441.00647,64.181221
2019,VA,OP,All,All,Outpatient,All,All,1466.6989,218.4043,3222.2837,455.17374,67.77935
2020,VA,OP,All,All,Outpatient,All,All,1280.3862,183.06812,2524.6606,507.15186,72.511971
2016,VA,PH,All,All,Professional Services,All,All,1595.0313,359.75494,16652.42,95.783752,21.603764
2017,VA,PH,All,All,Professional Services,All,All,1649.7122,370.78326,16896.07,97.638809,21.944941
2018,VA,PH,All,All,Professional Services,All,All,1703.6295,384.65997,17491.42,97.39801,21.991352
2019,VA,PH,All,All,Professional Services,All,All,1744.6292,391.5802,17797.398,98.027199,22.002104
2020,VA,PH,All,All,Professional Services,All,All,1611.4036,335.1619,16048.078,100.411,20.884861
2016,VA,RX,All,All,Prescription Drugs,All,All,986.61493,140.56406,9524.1865,103.59046,14.758641
2017,VA,RX,All,All,Prescription Drugs,All,All,1024.0691,134.05568,9503.5596,107.75637,14.105839
2018,VA,RX,All,All,Prescription Drugs,All,All,1138.7002,141.38824,10025.865,113.57625,14.102349
2019,VA,RX,All,All,Prescription Drugs,All,All,1182.2163,133.62569,10080.209,117.28094,13.256241
2020,VA,RX,All,All,Prescription Drugs,All,All,1283.3331,133.9749,10381.982,123.61156,12.904557
2016,VT,IP,All,All,Inpatient,All,All,1179.1071,29.892868,51.149654,23052.102,584.41974
2017,VT,IP,All,All,Inpatient,All,All,1101.4664,30.037851,51.938469,21207.141,578.33533
2018,VT,IP,All,All,Inpatient,All,All,1031.918,31.83849,47.923019,21532.824,664.36737
2019,VT,IP,All,All,Inpatient,All,All,1096.3174,33.295914,48.716545,22504.004,683.4621
2020,VT,IP,All,All,Inpatient,All,All,1016.3337,30.590187,44.553047,22811.766,686.60144
2016,VT,OP,All,All,Outpatient,All,All,2342.8347,257.84378,7254.2959,322.95825,35.543598
2017,VT,OP,All,All,Outpatient,All,All,2637.3777,266.73892,7415.3052,355.66681,35.971401
2018,VT,OP,All,All,Outpatient,All,All,2500.2261,333.10101,7122.9902,351.00793,46.76421
2019,VT,OP,All,All,Outpatient,All,All,2750.4114,353.51233,7566.5044,363.49829,46.720695
2020,VT,OP,All,All,Outpatient,All,All,2598.7551,321.18472,6911.0908,376.02676,46.473808
2016,VT,PH,All,All,Professional Services,All,All,1737.9783,312.1767,14046.491,123.73042,22.224531
2017,VT,PH,All,All,Professional Services,All,All,1818.226,325.75464,14462.615,125.71904,22.523911
2018,VT,PH,All,All,Professional Services,All,All,1772.4166,384.37753,14447.053,122.68361,26.605949
2019,VT,PH,All,All,Professional Services,All,All,1800.0352,391.12943,15223.838,118.23794,25.691906
2020,VT,PH,All,All,Professional Services,All,All,1665.6451,356.8299,14020.896,118.79734,25.449865
2016,VT,RX,All,All,Prescription Drugs,All,All,950.66986,107.9571,10138.178,93.771271,10.64857
2017,VT,RX,All,All,Prescription Drugs,All,All,1040.7809,113.52602,10415.703,99.92421,10.899507
2018,VT,RX,All,All,Prescription Drugs,All,All,1177.1421,123.53104,10556.211,111.5118,11.702215
2019,VT,RX,All,All,Prescription Drugs,All,All,1201.3497,124.34247,10755.437,111.69698,11.560895
2020,VT,RX,All,All,Prescription Drugs,All,All,1245.3976,120.53282,10983.322,113.38988,10.974168
2016,WA,IP,All,All,Inpatient,All,All,1042.665,46.848843,47.320972,22033.889,990.02283
2017,WA,IP,All,All,Inpatient,All,All,1032.2046,44.331558,43.878345,23524.236,1010.3288
2018,WA,IP,All,All,Inpatient,All,All,1075.0488,45.3713,43.44664,24744.117,1044.2994
2019,WA,IP,All,All,Inpatient,All,All,1067.5615,46.134506,42.161404,25320.824,1094.2356
2020,WA,IP,All,All,Inpatient,All,All,981.23975,41.539536,37.212963,26368.223,1116.2651
2016,WA,OP,All,All,Outpatient,All,All,1239.2295,109.55218,3081.4783,402.15421,35.551826
2017,WA,OP,All,All,Outpatient,All,All,1309.0764,123.66772,2889.0161,453.12189,42.806168
2018,WA,OP,All,All,Outpatient,All,All,1489.9994,119.33657,3016.9082,493.8829,39.555916
2019,WA,OP,All,All,Outpatient,All,All,1545.0391,147.09068,3228.2786,478.59537,45.563198
2020,WA,OP,All,All,Outpatient,All,All,1398.8207,121.76517,2901.1201,482.16574,41.971783
2016,WA,PH,All,All,Professional Services,All,All,1817.4481,384.55222,16993.385,106.95033,22.629524
2017,WA,PH,All,All,Professional Services,All,All,1791.8247,385.29196,16378.99,109.39775,23.523548
2018,WA,PH,All,All,Professional Services,All,All,1864.7915,413.88666,16553.563,112.65198,25.002878
2019,WA,PH,All,All,Professional Services,All,All,1940.2507,427.69403,16748.316,115.84752,25.536541
2020,WA,PH,All,All,Professional Services,All,All,1782.7417,359.68216,14803.659,120.42574,24.296841
2016,WA,RX,All,All,Prescription Drugs,All,All,1028.9325,125.97419,8820.5371,116.65191,14.281919
2017,WA,RX,All,All,Prescription Drugs,All,All,1027.9839,125.32013,8547.543,120.26659,14.661538
2018,WA,RX,All,All,Prescription Drugs,All,All,1103.488,128.24725,8592.2568,128.42819,14.92591
2019,WA,RX,All,All,Prescription Drugs,All,All,941.52216,104.20847,7171.1641,131.29279,14.531597
2020,WA,RX,All,All,Prescription Drugs,All,All,918.90265,92.816635,6757.2158,135.98836,13.735929
2016,WI,IP,All,All,Inpatient,All,All,1052.6237,39.18359,46.887707,22449.887,835.69012
2017,WI,IP,All,All,Inpatient,All,All,1005.7126,36.156525,43.366615,23190.939,833.74097
2018,WI,IP,All,All,Inpatient,All,All,1104.5829,36.62075,43.583591,25344.008,840.2417
2019,WI,IP,All,All,Inpatient,All,All,1088.3555,35.895912,42.651516,25517.393,841.60931
2020,WI,IP,All,All,Inpatient,All,All,1011.5057,31.942707,38.224518,26462.223,835.66016
2016,WI,OP,All,All,Outpatient,All,All,1819.328,233.53168,4134.4102,440.04535,56.484882
2017,WI,OP,All,All,Outpatient,All,All,1827.1523,230.85719,4039.0132,452.37592,57.15683
2018,WI,OP,All,All,Outpatient,All,All,1956.3815,239.80174,4105.6528,476.50925,58.407703
2019,WI,OP,All,All,Outpatient,All,All,2061.4807,265.1604,4244.8066,485.64777,62.467022
2020,WI,OP,All,All,Outpatient,All,All,1902.3475,235.97795,3869.8618,491.58023,60.978394
2016,WI,PH,All,All,Professional Services,All,All,2265.4265,433.1395,13324.003,170.02597,32.508209
2017,WI,PH,All,All,Professional Services,All,All,2225.1074,431.05804,12493.008,178.10822,34.503941
2018,WI,PH,All,All,Professional Services,All,All,2312.5957,462.28522,12561.321,184.10449,36.802277
2019,WI,PH,All,All,Professional Services,All,All,2386.8149,475.60391,12652.631,188.64178,37.589329
2020,WI,PH,All,All,Professional Services,All,All,2202.4277,426.6174,11617.279,189.58205,36.72266
2016,WI,RX,All,All,Prescription Drugs,All,All,871.07202,132.25879,9348.0137,93.182571,14.148331
2017,WI,RX,All,All,Prescription Drugs,All,All,857.83612,129.80174,9102.1064,94.245895,14.260627
2018,WI,RX,All,All,Prescription Drugs,All,All,939.81757,134.06383,9278.0713,101.2945,14.449535
2019,WI,RX,All,All,Prescription Drugs,All,All,1022.1885,137.93015,9729.9063,105.05636,14.175897
2020,WI,RX,All,All,Prescription Drugs,All,All,1071.5109,134.33824,9744.1045,109.96505,13.786618
2016,WV,IP,All,All,Inpatient,All,All,1414.2777,62.688751,60.870667,23234.143,1029.8679
2017,WV,IP,All,All,Inpatient,All,All,1480.9771,62.904976,57.443539,25781.438,1095.0748
2018,WV,IP,All,All,Inpatient,All,All,1535.9554,63.847427,57.464878,26728.596,1111.0687
2019,WV,IP,All,All,Inpatient,All,All,1447.2709,56.07996,49.920292,28991.635,1123.3901
2020,WV,IP,All,All,Inpatient,All,All,1048.6115,42.077698,35.287533,29716.203,1192.424
2016,WV,OP,All,All,Outpatient,All,All,2627.1897,407.99326,7201.2788,364.82266,56.655666
2017,WV,OP,All,All,Outpatient,All,All,2836.3059,422.88422,7292.4497,388.93735,57.989323
2018,WV,OP,All,All,Outpatient,All,All,3103.2961,458.36142,7394.0195,419.70352,61.990829
2019,WV,OP,All,All,Outpatient,All,All,3063.1946,470.89047,7134.5669,429.34555,66.001274
2020,WV,OP,All,All,Outpatient,All,All,2599.5496,395.28931,5675.396,458.03845,69.649643
2016,WV,PH,All,All,Professional Services,All,All,1747.1267,435.74457,17027.123,102.60845,25.591206
2017,WV,PH,All,All,Professional Services,All,All,1760.366,439.21021,16836.633,104.55569,26.08658
2018,WV,PH,All,All,Professional Services,All,All,1833.4365,454.61227,17265.029,106.19365,26.331392
2019,WV,PH,All,All,Professional Services,All,All,1873.0509,452.98199,17185.879,108.98779,26.357801
2020,WV,PH,All,All,Professional Services,All,All,1617.985,378.64783,14896.959,108.61176,25.417793
2016,WV,RX,All,All,Prescription Drugs,All,All,1099.4825,189.87883,13617.746,80.738945,13.943483
2017,WV,RX,All,All,Prescription Drugs,All,All,1176.0791,193.66536,14069.637,83.589874,13.764773
2018,WV,RX,All,All,Prescription Drugs,All,All,1262.8112,197.93568,14560.819,86.726662,13.593719
2019,WV,RX,All,All,Prescription Drugs,All,All,1392.8313,198.86911,15165.959,91.839317,13.112862
2020,WV,RX,All,All,Prescription Drugs,All,All,1492.2622,208.19516,15123.646,98.670792,13.7662
2016,WY,IP,All,All,Inpatient,All,All,1333.8511,63.146519,60.952831,21883.332,1035.9899
2017,WY,IP,All,All,Inpatient,All,All,1300.3916,60.176659,53.327763,24384.891,1128.4302
2018,WY,IP,All,All,Inpatient,All,All,1132.3241,60.585182,49.77969,22746.709,1217.0663
2019,WY,IP,All,All,Inpatient,All,All,1189.5397,53.432938,47.829258,24870.545,1117.16
2020,WY,IP,All,All,Inpatient,All,All,1057.8658,45.517338,38.387615,27557.479,1185.7299
2016,WY,OP,All,All,Outpatient,All,All,1973.8973,272.76331,4865.4136,405.6998,56.061687
2017,WY,OP,All,All,Outpatient,All,All,2008.687,298.71167,4763.6045,421.6738,62.707073
2018,WY,OP,All,All,Outpatient,All,All,2159.4548,299.53976,4870.5757,443.36749,61.499866
2019,WY,OP,All,All,Outpatient,All,All,2308.437,316.77792,4950.3472,466.31821,63.991051
2020,WY,OP,All,All,Outpatient,All,All,2071.7041,281.2186,4323.0635,479.22128,65.050766
2016,WY,PH,All,All,Professional Services,All,All,2166.822,463.21738,13570.95,159.6662,34.133007
2017,WY,PH,All,All,Professional Services,All,All,2288.675,494.33661,13570.623,168.64922,36.426964
2018,WY,PH,All,All,Professional Services,All,All,2215.0596,505.78693,13510.335,163.95296,37.437038
2019,WY,PH,All,All,Professional Services,All,All,2339.7363,520.2536,13924.139,168.03455,37.363434
2020,WY,PH,All,All,Professional Services,All,All,2201.1858,472.63995,12764.357,172.44783,37.028103
2016,WY,RX,All,All,Prescription Drugs,All,All,762.11243,139.32213,9131.4883,83.459831,15.25733
2017,WY,RX,All,All,Prescription Drugs,All,All,824.06665,135.74292,9489.3164,86.841522,14.304815
2018,WY,RX,All,All,Prescription Drugs,All,All,969.98761,133.12216,9305.209,104.24135,14.306197
2019,WY,RX,All,All,Prescription Drugs,All,All,947.37939,118.73592,9899.5713,95.699036,11.994047
2020,WY,RX,All,All,Prescription Drugs,All,All,1192.2321,100.33876,10450.619,114.08243,9.6012259
