"","summary_glm","summary_gee","summary_re_nosig","summary_re","summary_cop","summary_cop_n","actuals","","","",""
"t1intercepts",-1.50092810200745,-1.49933794961794,-4.45317199106296,-4.44626013898326,-1.50831522826761,-1.3709571476124,-1.6094379124341,0.2,0.368064064064064,50,6.25
"",-1.60500440748639,-1.60500440748637,-4.74973392518407,-5.45743864611577,-1.61743410218793,-1.39010513964173,-1.6094379124341,0.2,0.469901901901902,50,6.25
"",-1.61831454237464,-1.61831454237462,-4.88164762723653,-5.40968270599789,-1.62775587265677,-1.34796078450771,-1.6094379124341,0.2,0.557573573573574,50,6.25
"",-1.62464716790128,-1.62464716790127,-4.97630089548392,-2.25396321265157,-1.63723035101672,-1.29514863189585,-1.6094379124341,0.2,0.581177177177177,50,6.25
"",-1.54825000406199,-1.54825000406198,-5.01296145241844,-4.97949711993574,-1.5991026898855,-1.1852187100223,-1.6094379124341,0.2,0.6316996996997,50,6.25
"",-1.64184142241879,-1.64184142241879,-5.06848526471245,-5.41266440206781,-1.67472954058553,-1.22148443116645,-1.6094379124341,0.2,0.648832832832833,50,6.25
"",-1.62690696165276,-1.62690696165274,-5.21551499536974,-5.47062002812938,-1.6438992108663,-1.15537162780332,-1.6094379124341,0.2,0.698318318318318,50,6.25
"",-1.61027439449723,-1.61027439449721,-5.18898371686865,-5.42551007658016,-1.64335433024344,-1.06178012671917,-1.6094379124341,0.2,0.708236236236236,50,6.25
"",-1.561976696679,-1.56197669667899,-5.16376302933571,-5.38149187273856,-1.58767510610723,-1.03723126205671,-1.6094379124341,0.2,0.725477477477477,50,6.25
"",-1.56150255359032,-1.56150255359031,-5.19731226432297,-5.38223174603244,-1.58626684228499,-1.03838571552011,-1.6094379124341,0.2,0.746194194194194,50,6.25
"",-1.59135036914062,-1.59135036914061,-5.21585173980655,-5.16996096898616,-1.55463814857232,-0.974812583797247,-1.6094379124341,0.2,0.749445445445445,50,6.25
"",-1.60378380177222,-1.60378380177221,-5.25739551357265,-5.22835227829955,-1.60458976968981,-0.992568199202883,-1.6094379124341,0.2,0.76590990990991,50,6.25
"",-1.62711493141356,-1.62711493140577,-5.26286917210953,-5.39981266204192,-1.62792047188062,-0.970640979606024,-1.6094379124341,0.2,0.779735735735736,50,6.25
"",-1.6193388204181,-1.61933854573115,-5.29840687693831,-4.73080624227172,-1.61052588754211,-0.932267080956257,-1.6094379124341,0.2,0.789497497497497,50,6.25
"",-1.61994595056842,-1.61994595056842,-5.29410209456959,-5.44310004481976,-1.63671433684042,-1.00546435977996,-1.6094379124341,0.2,0.794634634634635,50,6.25
"",-1.59591278087834,-1.59591278087832,-5.29035267772305,-4.8238419015397,-1.61020177723825,-0.864442558700132,-1.6094379124341,0.2,0.798398398398398,50,6.25
"",-1.59968438937861,-1.5996843893786,-5.32883108510042,-5.28593801020293,-1.59273953797894,-0.881258020841067,-1.6094379124341,0.2,0.811707707707708,50,6.25
"",-1.56973668887373,-1.56973668887372,-5.33473517837151,-5.42241452158382,-1.56875209241632,-0.907053620132051,-1.6094379124341,0.2,0.811483483483483,50,6.25
"",-1.66319705883478,-1.66319705883477,-5.35182761493318,-4.96264876813801,-1.65707474273318,-0.947063510419578,-1.6094379124341,0.2,0.817805805805806,50,6.25
"",-1.65760682686434,-1.65760682686434,-5.37551821379615,-5.4450993358596,-1.58135701233334,-0.834073087273022,-1.6094379124341,0.2,0.822830830830831,50,6.25
"",-1.13437811346137,-1.13437811346173,-2.67425233449627,-2.67356701619155,-1.14203812296495,-1.09535744367134,-1.20397280432594,0.3,0.262234234234234,22.2222222222222,2.77777777777778
"",-1.13417680506631,-1.13417680513966,-3.07070177838119,-3.65946948433221,-1.15968187093604,-1.04469927212621,-1.20397280432594,0.3,0.360728728728729,22.2222222222222,2.77777777777778
"",-1.09345513383364,-1.09345513952052,-3.11202298886444,-4.38997703832412,-1.09665269969707,-0.967968195157585,-1.20397280432594,0.3,0.437073073073073,22.2222222222222,2.77777777777778
"",-1.16508977971542,-1.16508977971809,-3.2529091172382,-4.34735400473002,-1.17445301556048,-1.01725916899032,-1.20397280432594,0.3,0.493921921921922,22.2222222222222,2.77777777777778
"",-1.28003419104351,-1.28003419167106,-3.34475962796577,-3.34427824748754,-1.27049629188233,-1.12335881456662,-1.20397280432594,0.3,0.518182182182182,22.2222222222222,2.77777777777778
"",-1.27806627091033,-1.27806627092337,-3.3890118829813,-4.40340978724164,-1.29115463396436,-1.12011994053383,-1.20397280432594,0.3,0.569269269269269,22.2222222222222,2.77777777777778
"",-1.22440200259899,-1.22440200260096,-3.36604620881804,-3.63869921902123,-1.24586464657601,-1.03011128271395,-1.20397280432594,0.3,0.595375375375375,22.2222222222222,2.77777777777778
"",-1.22772441999545,-1.22772445100589,-3.35302766314996,-3.60392607139896,-1.22799777130402,-1.02320098929961,-1.20397280432594,0.3,0.61206006006006,22.2222222222222,2.77777777777778
"",-1.20820210575623,-1.20820210575621,-3.36121396929151,-3.58894675319052,-1.20782712764785,-0.985018912806822,-1.20397280432594,0.3,0.639355355355355,22.2222222222222,2.77777777777778
"",-1.20033819240866,-1.20033820436381,-3.34680819007504,-4.27824577437946,-1.19587675654642,-0.985715633211893,-1.20397280432594,0.3,0.652872872872873,22.2222222222222,2.77777777777778
"",-1.19914540435843,-1.19914540460363,-3.34099493970068,-4.2425706576146,-1.1798734009924,-0.962471426390509,-1.20397280432594,0.3,0.667315315315315,22.2222222222222,2.77777777777778
"",-1.22481927492069,-1.22481927492095,-3.34799711350967,-3.34799714881861,-1.24976279384296,-0.961533361684924,-1.20397280432594,0.3,0.670642642642643,22.2222222222222,2.77777777777778
"",-1.14016163631069,-1.14016163631067,-3.35614628533209,-4.20554964486966,-1.16616148951941,-0.872168681152169,-1.20397280432594,0.3,0.699039039039039,22.2222222222222,2.77777777777778
"",-1.23832297590188,-1.23832297590363,-3.3913233533413,-4.24260727720713,-1.22363205936347,-0.953190032176322,-1.20397280432594,0.3,0.704488488488488,22.2222222222222,2.77777777777778
"",-1.23344848908681,-1.2334484890887,-3.39542050008858,-4.24317425076052,-1.22766468947262,-0.931864141144714,-1.20397280432594,0.3,0.711535535535536,22.2222222222222,2.77777777777778
"",-1.1781787597825,-1.17817876554938,-3.41032720915022,-4.25068117833273,-1.14728953790236,-0.869957166981149,-1.20397280432594,0.3,0.737461461461461,22.2222222222222,2.77777777777778
"",-1.19521673512317,-1.19521673557169,-3.41120685751274,-2.99213550757148,-1.16968078045724,-0.894620736663109,-1.20397280432594,0.3,0.738158158158158,22.2222222222222,2.77777777777778
"",-1.27231267094196,-1.27231267094196,-3.43634205617841,-4.26864203103188,-1.21126424814523,-0.979489992161209,-1.20397280432594,0.3,0.751427427427427,22.2222222222222,2.77777777777778
"",-1.2985689144226,-1.29856891442258,-3.43605007859236,-3.55414599758494,-1.26227684742836,-0.995782767534283,-1.20397280432594,0.3,0.740276276276276,22.2222222222222,2.77777777777778
"",-1.27522023388097,-1.27522023388098,-3.44994171314347,-4.2464608047148,-1.27440814282461,-0.971968051561836,-1.20397280432594,0.3,0.76207007007007,22.2222222222222,2.77777777777778
"",-0.876778300071085,-0.876778302399819,-1.8302464198365,-1.81875586551278,-0.877730465054026,-0.861185219121939,-0.916290731874155,0.4,0.21790990990991,12.5,1.5625
"",-0.875124191753333,-0.875124191753314,-1.95545859116289,-3.25473148551214,-0.87149931856511,-0.848206608874445,-0.916290731874155,0.4,0.27796996996997,12.5,1.5625
"",-0.890839788944414,-0.890839788944404,-2.29579135740362,-3.42306987346203,-0.886629306489511,-0.823096335803989,-0.916290731874155,0.4,0.388748748748749,12.5,1.5625
"",-0.886418004931823,-0.886418017570074,-2.31698948356849,-2.70375077457113,-0.908481272540938,-0.814517919790698,-0.916290731874155,0.4,0.403471471471471,12.5,1.5625
"",-0.937222487211183,-0.937222489978494,-2.40030887993865,-3.42871851938229,-0.936894437598988,-0.862834757610474,-0.916290731874155,0.4,0.465937937937938,12.5,1.5625
"",-0.970090447345635,-0.970090447417279,-2.44184448860661,-2.71858554807855,-0.979918187389244,-0.870622296457771,-0.916290731874155,0.4,0.504684684684685,12.5,1.5625
"",-0.977070752391291,-0.977070752432778,-2.46356812059433,-2.46311926567406,-0.968651398696193,-0.882411650142942,-0.916290731874155,0.4,0.530058058058058,12.5,1.5625
"",-0.98355551557748,-0.98355551568791,-2.511813207014,-3.42787068469413,-0.980432753309364,-0.873476248322451,-0.916290731874155,0.4,0.5685005005005,12.5,1.5625
"",-0.995625038441633,-0.995625038445764,-2.49188089175809,-2.71048008705573,-0.990373914844742,-0.872430035516992,-0.916290731874155,0.4,0.566502502502502,12.5,1.5625
"",-0.957965529932291,-0.957965530049222,-2.51643443001406,-3.4028970192561,-0.959467685226242,-0.828125679464714,-0.916290731874155,0.4,0.596932932932933,12.5,1.5625
"",-0.954670822033843,-0.954670822085206,-2.51834300406123,-3.40246891589927,-0.96111362374279,-0.807106565891589,-0.916290731874155,0.4,0.603451451451451,12.5,1.5625
"",-0.966333825493355,-0.966333825553719,-2.55334961773205,-3.41329842369022,-0.975578743615936,-0.807645160167153,-0.916290731874155,0.4,0.638446446446446,12.5,1.5625
"",-0.969958382012175,-0.969958382037935,-2.54159372251616,-3.4051088020053,-0.963321077848243,-0.823479092937687,-0.916290731874155,0.4,0.640844844844845,12.5,1.5625
"",-0.958411174927175,-0.958411174968471,-2.54776671921832,-2.09593650047884,-0.944252595064671,-0.805329735426156,-0.916290731874155,0.4,0.656248248248248,12.5,1.5625
"",-1.00856905364556,-1.00856905364627,-2.56845765564911,-3.4131628034557,-0.989574633880929,-0.855251337749241,-0.916290731874155,0.4,0.66643043043043,12.5,1.5625
"",-0.959635589898802,-0.959635589918755,-2.55782913873193,-2.1378169904901,-0.89108341783102,-0.780514944551148,-0.916290731874155,0.4,0.689893893893894,12.5,1.5625
"",-0.974536668886182,-0.974536668898367,-2.57971538067323,-2.22930087105136,-0.957977120455966,-0.815583817964288,-0.916290731874155,0.4,0.693265265265265,12.5,1.5625
"",-0.975600186406242,-0.975600186414121,-2.57998187872281,-2.20227857531543,-0.947356556414099,-0.786134645091785,-0.916290731874155,0.4,0.698382382382382,12.5,1.5625
"",-0.967754293194181,-0.967754293275367,-2.60439045751492,-2.26826454577598,-0.956315154722031,-0.78438675948292,-0.916290731874155,0.4,0.711383383383383,12.5,1.5625
"",-0.954134943398431,-0.954134943570881,-2.60865694980181,-3.38922060178318,-0.922103014428336,-0.752965905015816,-0.916290731874155,0.4,0.717645645645646,12.5,1.5625
"",-0.678262800264702,-0.67826280054045,-1.29739754832332,-1.26651569656014,-0.677169760773437,-0.670440861953164,-0.693147180559945,0.5,0.163383383383383,8,1
"",-0.684106802274873,-0.684106802515447,-1.47672670851027,-1.43992230182931,-0.686315626704422,-0.669763762576259,-0.693147180559945,0.5,0.253037037037037,8,1
"",-0.671692194843815,-0.671692205266304,-1.58919700864705,-2.00282625822054,-0.680014020573068,-0.64447661520104,-0.693147180559945,0.5,0.286202202202202,8,1
"",-0.739224267881273,-0.739224267881282,-1.78863348893613,-2.79289239693835,-0.752302460546918,-0.708836450979414,-0.693147180559945,0.5,0.379335335335335,8,1
"",-0.744298888961477,-0.744298888961459,-1.80095182861427,-2.77851433028471,-0.743090515257765,-0.695578636339823,-0.693147180559945,0.5,0.425681681681682,8,1
"",-0.737011856062521,-0.737011856062509,-1.8180336665103,-2.77795767616151,-0.741956486635526,-0.689538685744897,-0.693147180559945,0.5,0.43983983983984,8,1
"",-0.708958129001424,-0.708958129001414,-1.86063567973033,-1.85894949186902,-0.713014984433265,-0.647726382129514,-0.693147180559945,0.5,0.483983983983984,8,1
"",-0.70695581770065,-0.70695581770066,-1.88300713667248,-2.76717091258268,-0.710878162983146,-0.636928023496522,-0.693147180559945,0.5,0.499827827827828,8,1
"",-0.819007979952589,-0.819007983670206,-1.91748414307093,-2.7772771390698,-0.824667026238299,-0.75286132063667,-0.693147180559945,0.5,0.505301301301301,8,1
"",-0.746475305580971,-0.746475305580957,-1.91354023928968,-2.75984620263697,-0.760825601352895,-0.665517405018916,-0.693147180559945,0.5,0.548036036036036,8,1
"",-0.771313795702107,-0.771313795702093,-1.95144744528808,-2.77461332285131,-0.765144276357436,-0.688151996819763,-0.693147180559945,0.5,0.572556556556556,8,1
"",-0.812160277547338,-0.812160285930899,-1.97224086574191,-2.79844969212827,-0.802536887105958,-0.709486461310326,-0.693147180559945,0.5,0.569217217217217,8,1
"",-0.754748808046506,-0.754748808046494,-1.9695846158413,-1.51414630085108,-0.740646523367852,-0.658038845846665,-0.693147180559945,0.5,0.603311311311311,8,1
"",-0.783049718027163,-0.783049726120292,-1.97485853559658,-2.79113546383427,-0.763707248113187,-0.684529450986745,-0.693147180559945,0.5,0.610810810810811,8,1
"",-0.723075933174119,-0.723075933174102,-1.963803637499,-2.79786140263436,-0.737199551308838,-0.61427266562062,-0.693147180559945,0.5,0.624652652652653,8,1
"",-0.775782192895963,-0.775782197098453,-1.9633458407525,-1.6168716365174,-0.77275128223341,-0.672801572317451,-0.693147180559945,0.5,0.636192192192192,8,1
"",-0.752443136510967,-0.752443149607677,-1.96555624777428,-1.60225373396991,-0.710909749761454,-0.643818908099671,-0.693147180559945,0.5,0.642690690690691,8,1
"",-0.742613094792365,-0.742613094792357,-1.99160096490446,-1.66543002665634,-0.699775128988522,-0.625405255949518,-0.693147180559945,0.5,0.669405405405405,8,1
"",-0.743372284721133,-0.74337228472112,-2.01004269750816,-1.69761310192617,-0.719381816434399,-0.629513609520714,-0.693147180559945,0.5,0.674306306306306,8,1
"",-0.78943908017769,-0.789439094841829,-2.02610716421105,-2.79652895600849,-0.768642963152869,-0.67072040154468,-0.693147180559945,0.5,0.666794794794795,8,1
"",-0.518542591819614,-0.518542591819597,-1.00261059477797,-1.01312370753302,-0.520021802971894,-0.51261814074945,-0.510825623765991,0.6,0.161469469469469,5.55555555555556,0.694444444444444
"",-0.481725877508234,-0.481725877508224,-0.908104362017546,-0.88311790375923,-0.486016018430627,-0.475043382550521,-0.510825623765991,0.6,0.150734734734735,5.55555555555556,0.694444444444444
"",-0.539829853613016,-0.539829853613008,-1.22175236490442,-1.56695702056862,-0.543822454805072,-0.525323495668127,-0.510825623765991,0.6,0.286686686686687,5.55555555555556,0.694444444444444
"",-0.482264559866815,-0.482264559866801,-1.2195647069818,-2.22317063786645,-0.488455386846517,-0.461677346311089,-0.510825623765991,0.6,0.309377377377377,5.55555555555556,0.694444444444444
"",-0.529581122422322,-0.529581122422828,-1.37642559432107,-2.31225950892337,-0.532182400541124,-0.501261448090237,-0.510825623765991,0.6,0.365165165165165,5.55555555555556,0.694444444444444
"",-0.527773827060367,-0.527773827060595,-1.41268065423879,-1.64488542220737,-0.544849847850866,-0.49120023344873,-0.510825623765991,0.6,0.412696696696697,5.55555555555556,0.694444444444444
"",-0.543354538566343,-0.54335453856644,-1.41710510890439,-1.41651002864343,-0.54294788045405,-0.508685525585224,-0.510825623765991,0.6,0.428048048048048,5.55555555555556,0.694444444444444
"",-0.58610921814682,-0.586109218146819,-1.44158726875542,-2.3071022277431,-0.592448497942472,-0.548125687607329,-0.510825623765991,0.6,0.441373373373373,5.55555555555556,0.694444444444444
"",-0.552858125112368,-0.552858125112503,-1.46053775767361,-2.31372317947044,-0.544590156670204,-0.50836860272339,-0.510825623765991,0.6,0.478106106106106,5.55555555555556,0.694444444444444
"",-0.542283802376,-0.542283802376246,-1.48701048295966,-2.30776317831206,-0.540835125718087,-0.491642927148077,-0.510825623765991,0.6,0.513089089089089,5.55555555555556,0.694444444444444
"",-0.621395212448342,-0.621395212448341,-1.51377048648956,-2.33607195802324,-0.616721462568941,-0.569580344527147,-0.510825623765991,0.6,0.515451451451451,5.55555555555556,0.694444444444444
"",-0.589232949938536,-0.589232949938547,-1.50843178387657,-1.05367485066933,-0.567308696235879,-0.523367142861465,-0.510825623765991,0.6,0.537893893893894,5.55555555555556,0.694444444444444
"",-0.559311735527329,-0.559311735527396,-1.51876220981081,-1.07744045251939,-0.555526955019053,-0.493506258383249,-0.510825623765991,0.6,0.559743743743744,5.55555555555556,0.694444444444444
"",-0.571687557080593,-0.571687557080605,-1.51196850833975,-2.33171482245956,-0.577527580404874,-0.510204156623258,-0.510825623765991,0.6,0.56842042042042,5.55555555555556,0.694444444444444
"",-0.590790023123542,-0.590790023123555,-1.546217927073,-1.11605004556156,-0.582245549159801,-0.521585702228998,-0.510825623765991,0.6,0.587747747747748,5.55555555555556,0.694444444444444
"",-0.584890981035854,-0.584890981035874,-1.54538262614097,-1.16208032827088,-0.577723443604663,-0.52293626648003,-0.510825623765991,0.6,0.581601601601602,5.55555555555556,0.694444444444444
"",-0.568222679005002,-0.56822267900507,-1.55336184516009,-1.18313221220621,-0.544381024078823,-0.497697615178392,-0.510825623765991,0.6,0.620164164164164,5.55555555555556,0.694444444444444
"",-0.594348751492083,-0.594348751492093,-1.56355132873496,-1.21974916369051,-0.579723924668373,-0.529643250576955,-0.510825623765991,0.6,0.617441441441441,5.55555555555556,0.694444444444444
"",-0.597518216714219,-0.59751821671425,-1.57790413946634,-1.25041470182196,-0.576904871925044,-0.525945284480602,-0.510825623765991,0.6,0.615523523523523,5.55555555555556,0.694444444444444
"",-0.597375808666965,-0.597375808667013,-1.58482493285247,-1.69115319286684,-0.592215817760196,-0.524398115711637,-0.510825623765991,0.6,0.608848848848849,5.55555555555556,0.694444444444444
"",-0.359596700258443,-0.359596700855084,-0.61201168376322,-0.606764426126301,-0.362576290069928,-0.356194955011274,-0.356674943938732,0.7,0.118194194194194,4.08163265306122,0.510204081632653
"",-0.346418797433355,-0.346418797481322,-0.789525666815584,-0.788456849345338,-0.344563615650062,-0.341842141387315,-0.356674943938732,0.7,0.201249249249249,4.08163265306122,0.510204081632653
"",-0.366104294016207,-0.36610429406238,-0.870527599797265,-0.890637942321004,-0.370447784988978,-0.357476183551343,-0.356674943938732,0.7,0.239151151151151,4.08163265306122,0.510204081632653
"",-0.352107423100777,-0.352107423228965,-0.889345786175711,-1.90081262167759,-0.348508616938201,-0.341967571363951,-0.356674943938732,0.7,0.272704704704705,4.08163265306122,0.510204081632653
"",-0.366527651343788,-0.366527651396113,-0.944713420568299,-1.20508704974456,-0.371202945578172,-0.353888615521227,-0.356674943938732,0.7,0.310446446446446,4.08163265306122,0.510204081632653
"",-0.382783066511714,-0.382783068125915,-1.06934883340941,-1.98581413701147,-0.388052168354669,-0.360613875567402,-0.356674943938732,0.7,0.352024024024024,4.08163265306122,0.510204081632653
"",-0.390261199311313,-0.390261200666375,-1.10356736384978,-1.98853550801807,-0.39726813611496,-0.367130562885083,-0.356674943938732,0.7,0.407755755755756,4.08163265306122,0.510204081632653
"",-0.412151657744453,-0.41215165900839,-1.14159430304037,-1.33386378732881,-0.433012973990122,-0.384303785738682,-0.356674943938732,0.7,0.40996996996997,4.08163265306122,0.510204081632653
"",-0.415423187191996,-0.4154231884838,-1.16206509226335,-1.98922276446008,-0.422510550472479,-0.384274522843355,-0.356674943938732,0.7,0.45214014014014,4.08163265306122,0.510204081632653
"",-0.416066136902686,-0.416066138802584,-1.17571793210836,-1.99933153882998,-0.411107677658181,-0.37975708509297,-0.356674943938732,0.7,0.470194194194194,4.08163265306122,0.510204081632653
"",-0.386428651209846,-0.38642865347868,-1.1657846424464,-0.690095482070741,-0.392979292694211,-0.34614144492964,-0.356674943938732,0.7,0.483911911911912,4.08163265306122,0.510204081632653
"",-0.383682536592854,-0.383682538015769,-1.16821105099966,-1.98289087671696,-0.375369497427381,-0.33875919025509,-0.356674943938732,0.7,0.51825025025025,4.08163265306122,0.510204081632653
"",-0.341372607651324,-0.34137261244321,-1.16273102281748,-1.97705944387276,-0.333387741943427,-0.295067371918955,-0.356674943938732,0.7,0.528268268268268,4.08163265306122,0.510204081632653
"",-0.393156678102699,-0.393156679422818,-1.19245151758999,-1.99082006077018,-0.400768187158516,-0.35195296831874,-0.356674943938732,0.7,0.538314314314314,4.08163265306122,0.510204081632653
"",-0.393337176842458,-0.393337177743902,-1.17657200609401,-1.99631248668879,-0.394062644389776,-0.347562585722071,-0.356674943938732,0.7,0.526590590590591,4.08163265306122,0.510204081632653
"",-0.419263302401054,-0.419263302969383,-1.20608008309457,-0.813057659687461,-0.421657147344927,-0.372376712986326,-0.356674943938732,0.7,0.561913913913914,4.08163265306122,0.510204081632653
"",-0.385048163303549,-0.385048165910073,-1.21300113978494,-2.0235506135799,-0.373150830061645,-0.332871716209185,-0.356674943938732,0.7,0.578622622622623,4.08163265306122,0.510204081632653
"",-0.434122212757402,-0.434122213480621,-1.23005014088067,-2.02128438335548,-0.427064895322786,-0.384145130229513,-0.356674943938732,0.7,0.567671671671672,4.08163265306122,0.510204081632653
"",-0.437085497931116,-0.437085498584487,-1.23136375749843,-1.23115624116452,-0.425746608659775,-0.387141567074045,-0.356674943938732,0.7,0.563571571571572,4.08163265306122,0.510204081632653
"",-0.433765728107136,-0.433765729001847,-1.25327013479745,-1.2532701362624,-0.423140022070265,-0.379366272611714,-0.356674943938732,0.7,0.60387987987988,4.08163265306122,0.510204081632653
"",-0.286897943131412,-0.286897943131679,-0.57973367714126,-0.589830010526876,-0.287425385012828,-0.284997256428723,-0.22314355131421,0.8,0.140384384384384,3.125,0.390625
"",-0.231472782675874,-0.231472782675982,-0.525973776776584,-0.526664891801234,-0.233084241878352,-0.228367261691537,-0.22314355131421,0.8,0.160196196196196,3.125,0.390625
"",-0.217551361266281,-0.217551361266385,-0.586809362020709,-0.595967288846245,-0.219418425186896,-0.212887960834541,-0.22314355131421,0.8,0.203351351351351,3.125,0.390625
"",-0.251989995587912,-0.251989995588365,-0.701484867163894,-0.716296143063681,-0.257327867841463,-0.24487965942291,-0.22314355131421,0.8,0.245681681681682,3.125,0.390625
"",-0.205620174056781,-0.205620174058627,-0.704100620127887,-0.718185486656061,-0.21385390856374,-0.195440417928062,-0.22314355131421,0.8,0.269225225225225,3.125,0.390625
"",-0.208931396692294,-0.208931396693545,-0.739347309739438,-0.738859530116659,-0.21132357121849,-0.194276329457493,-0.22314355131421,0.8,0.326714714714715,3.125,0.390625
"",-0.2596612691582,-0.259661269167725,-0.855443357452916,-1.70120009671352,-0.259658309397108,-0.241155953029613,-0.22314355131421,0.8,0.387691691691692,3.125,0.390625
"",-0.274613614136,-0.274613614155882,-0.915472218714725,-1.71091553833901,-0.280275605876687,-0.249549148907388,-0.22314355131421,0.8,0.41837037037037,3.125,0.390625
"",-0.269854014035379,-0.269854014050569,-0.896296918085895,-1.71155135198772,-0.274563679820823,-0.245979086834138,-0.22314355131421,0.8,0.403891891891892,3.125,0.390625
"",-0.261765522563447,-0.26176552256954,-0.8918712722287,-1.70905598929527,-0.265392879018591,-0.235947024236178,-0.22314355131421,0.8,0.433533533533533,3.125,0.390625
"",-0.260107241775997,-0.260107241781434,-0.905191652839496,-1.7081297654259,-0.250710109207306,-0.230890538132597,-0.22314355131421,0.8,0.485673673673674,3.125,0.390625
"",-0.267264944540627,-0.26726494455119,-0.926858998475341,-1.72486214535969,-0.26211510427809,-0.236558241534064,-0.22314355131421,0.8,0.479231231231231,3.125,0.390625
"",-0.303842944387826,-0.303842944393688,-0.958906354518884,-1.73934959446516,-0.305378159935878,-0.276881467895496,-0.22314355131421,0.8,0.479683683683684,3.125,0.390625
"",-0.271498656439419,-0.27149865644345,-0.924301285623916,-0.925782851928597,-0.276192310987102,-0.242582337497331,-0.22314355131421,0.8,0.491835835835836,3.125,0.390625
"",-0.267968375048257,-0.267968375053493,-0.935385251778858,-0.546873890849815,-0.269724361415281,-0.236720893399867,-0.22314355131421,0.8,0.520644644644645,3.125,0.390625
"",-0.245541572066017,-0.245541572080313,-0.938607599407206,-0.588798357918937,-0.234572456722164,-0.212455874998943,-0.22314355131421,0.8,0.538678678678679,3.125,0.390625
"",-0.321183949091903,-0.321183949092856,-0.954952274635372,-0.628196600335026,-0.313323409383366,-0.29356842286057,-0.22314355131421,0.8,0.519151151151151,3.125,0.390625
"",-0.259361930167571,-0.259361930180195,-0.954914300676882,-1.06350134687678,-0.271205463618434,-0.222818684808387,-0.22314355131421,0.8,0.529665665665666,3.125,0.390625
"",-0.284570557294754,-0.284570557298305,-0.969619055269964,-1.05930068104277,-0.267636996875398,-0.248473550253584,-0.22314355131421,0.8,0.580788788788789,3.125,0.390625
"",-0.269044757576268,-0.269044757580195,-0.956872758210929,-1.04607014818444,-0.260101068337083,-0.234895139577873,-0.22314355131421,0.8,0.571863863863864,3.125,0.390625
"",-0.161305993018008,-0.161305993018,-0.316806644112372,-0.325291308203391,-0.164946332415517,-0.159706550138049,-0.105360515657826,0.9,0.113945945945946,2.46913580246914,0.308641975308642
"",-0.115624780907507,-0.115624780907495,-0.367873919509629,-0.369845222873261,-0.115171552995463,-0.114933416134863,-0.105360515657826,0.9,0.15360960960961,2.46913580246914,0.308641975308642
"",-0.108328902921464,-0.10832890292145,-0.379371993683322,-0.37562084939185,-0.110481105306257,-0.104285472459931,-0.105360515657826,0.9,0.175083083083083,2.46913580246914,0.308641975308642
"",-0.113447393355723,-0.113447393355709,-0.421823634803146,-0.422305756383164,-0.114619770904151,-0.110260627941739,-0.105360515657826,0.9,0.181241241241241,2.46913580246914,0.308641975308642
"",-0.0958954041352893,-0.0958954041352934,-0.49403776938312,-1.41294556956735,-0.0960334547932983,-0.0899396667795458,-0.105360515657826,0.9,0.252308308308308,2.46913580246914,0.308641975308642
"",-0.100002479015423,-0.100002479015437,-0.553968450623552,-1.42300565114068,-0.100107200062804,-0.0914369622312004,-0.105360515657826,0.9,0.311535535535535,2.46913580246914,0.308641975308642
"",-0.157464174463351,-0.157464174463343,-0.593384873166449,-1.40459303073156,-0.15726103770108,-0.147115042012889,-0.105360515657826,0.9,0.323171171171171,2.46913580246914,0.308641975308642
"",-0.171789741370209,-0.17178974137023,-0.664558037223619,-0.121942488987003,-0.170030976925353,-0.158099957922316,-0.105360515657826,0.9,0.366674674674675,2.46913580246914,0.308641975308642
"",-0.158392030508854,-0.158392030508868,-0.664656816852037,-1.46580564027796,-0.16355968822984,-0.143538787014568,-0.105360515657826,0.9,0.382970970970971,2.46913580246914,0.308641975308642
"",-0.179653492897957,-0.179653492897955,-0.689704492529968,-1.4706349844891,-0.177680311583464,-0.161410873979286,-0.105360515657826,0.9,0.414346346346346,2.46913580246914,0.308641975308642
"",-0.196810895131962,-0.196810895131964,-0.716420164860363,-0.853025007272767,-0.193050766311285,-0.179251485747963,-0.105360515657826,0.9,0.425325325325325,2.46913580246914,0.308641975308642
"",-0.175280845553063,-0.175280845553077,-0.708889416848946,-0.262859898222244,-0.169616276268016,-0.155846223373153,-0.105360515657826,0.9,0.44239039039039,2.46913580246914,0.308641975308642
"",-0.160429132517737,-0.16042913251777,-0.712241576981282,-1.48179929162342,-0.15490271063639,-0.140178923953072,-0.105360515657826,0.9,0.459555555555555,2.46913580246914,0.308641975308642
"",-0.13139978101775,-0.131399781017902,-0.72073304420292,-0.329488444838867,-0.113554641193718,-0.106194771411012,-0.105360515657826,0.9,0.499163163163163,2.46913580246914,0.308641975308642
"",-0.149400010670117,-0.149400010670182,-0.722388457975568,-1.51293732675698,-0.14143696516518,-0.126760762219439,-0.105360515657826,0.9,0.484796796796797,2.46913580246914,0.308641975308642
"",-0.192182836666473,-0.192182836666478,-0.740347494442578,-1.52684935641632,-0.183839037047724,-0.168695276696936,-0.105360515657826,0.9,0.479139139139139,2.46913580246914,0.308641975308642
"",-0.163070308945752,-0.163070308945793,-0.73688008471062,-0.734957691035104,-0.158355169106299,-0.139765769179611,-0.105360515657826,0.9,0.496572572572573,2.46913580246914,0.308641975308642
"",-0.132839242161806,-0.13283924216196,-0.7406021525351,-0.394951466771816,-0.132336719455861,-0.106919291700528,-0.105360515657826,0.9,0.53208008008008,2.46913580246914,0.308641975308642
"",-0.16514045688907,-0.165140456889097,-0.751222191953618,-0.844642612921504,-0.162538865162659,-0.142468298279027,-0.105360515657826,0.9,0.539987987987988,2.46913580246914,0.308641975308642
"",-0.167796918934443,-0.167796918934466,-0.753530379569746,-0.844260628735649,-0.164000663775222,-0.141197503511323,-0.105360515657826,0.9,0.539955955955956,2.46913580246914,0.308641975308642
"",-0.0486661821204289,-0.0486661821204142,-0.222679125110593,-0.226521586349757,-0.0492427082582449,-0.0479055374340378,0,1,0.114850850850851,2,0.25
"",0.00261585431613623,0.00261585431615152,-0.172209107109743,-0.166734987646099,0.00140317817708272,0.00385307212812996,0,1,0.128384384384384,2,0.25
"",0.00651087708757546,0.00651086889951502,-0.189574131765369,-0.18089267556499,0.00586461231658788,0.00809856627081204,0,1,0.137965965965966,2,0.25
"",0.0255136411664487,0.0255136411664624,-0.280121742342782,-0.271753995829276,0.0255609340416198,0.0289797091652629,0,1,0.195963963963964,2,0.25
"",-0.00393583369607256,-0.00393583369605877,-0.346321748222285,-1.2515695562247,-0.00469867024336015,0.00176051706603843,0,1,0.232308308308308,2,0.25
"",-0.0358515520036316,-0.0358515520036197,-0.418597229259789,-0.608162442610791,-0.0347327626951377,-0.0276453319813718,0,1,0.303995995995996,2,0.25
"",-0.0515311533290602,-0.0515311533290483,-0.411354074092234,-1.23595934582405,-0.0469756973357718,-0.0450609743675573,0,1,0.304324324324324,2,0.25
"",-0.0246228902118084,-0.0246228902117951,-0.421922233019748,-1.23910281343963,-0.0234292690236203,-0.0160036448171068,0,1,0.30761961961962,2,0.25
"",-0.0794572531502578,-0.0794572531502448,-0.48272594755408,-1.2849786477048,-0.075344209420918,-0.0686032665298433,0,1,0.358730730730731,2,0.25
"",-0.0281994504063785,-0.0281994504063675,-0.495350887584747,-1.27722016953251,-0.0264339489072099,-0.0153362675489058,0,1,0.389421421421421,2,0.25
"",-0.0574426725295302,-0.0574426725295175,-0.516482160774855,-0.0822768777170336,-0.0500779435403425,-0.0433042582921287,0,1,0.404896896896897,2,0.25
"",-0.0407628126848792,-0.0407628126848678,-0.506727345265688,-0.14271638090621,-0.0365062761912324,-0.0265256875689819,0,1,0.396800800800801,2,0.25
"",-0.0562195345358891,-0.0562195345358771,-0.542348378578853,-0.159734396264954,-0.0426357851430226,-0.0389360849101154,0,1,0.461345345345345,2,0.25
"",-0.0604517088463835,-0.0604517088463713,-0.544722132241609,-0.17959938999501,-0.055163008576327,-0.0426886734173741,0,1,0.443267267267267,2,0.25
"",-0.0528210535560046,-0.0528210535559913,-0.539870482295975,-0.223364460000165,-0.0444850863596718,-0.0360715627999058,0,1,0.453233233233233,2,0.25
"",-0.0398492097377283,-0.0398492097377152,-0.529248675710065,-0.52856308806319,-0.0370551886092548,-0.0217930335939216,0,1,0.456572572572572,2,0.25
"",-0.0413396560887285,-0.0413396560887157,-0.54837998725019,-0.548219081200615,-0.0390707647666513,-0.0230460572643366,0,1,0.495179179179179,2,0.25
"",-0.0482006119771503,-0.0482006119771372,-0.545160705102803,-0.639562623172894,-0.0461326100133342,-0.0293274898838591,0,1,0.497201201201201,2,0.25
"",-0.0637298300035421,-0.0637298300035286,-0.558669076324396,-0.654883218522882,-0.0494485837036664,-0.0439623594036593,0,1,0.500692692692693,2,0.25
"",-0.0693945650049432,-0.0693945650049306,-0.565544388553376,-0.652844161832732,-0.0544602368658509,-0.0531282754362884,0,1,0.521501501501501,2,0.25
"",0.073463943415182,0.073463941144292,-0.0132810454273365,-0.0127024462688289,0.0716836004330656,0.0741181179941998,0.0953101798043249,1.1,0.087011011011011,1.65289256198347,0.206611570247934
"",0.101738941270697,0.10173893786513,-0.0291905941879854,-0.0258975987046039,0.100653348465438,0.102992414016134,0.0953101798043249,1.1,0.111251251251251,1.65289256198347,0.206611570247934
"",0.0883938877004121,0.0883938870618649,-0.0837742443496916,-0.0833716773680838,0.089029716676597,0.0894268736524816,0.0953101798043249,1.1,0.137041041041041,1.65289256198347,0.206611570247934
"",0.103577807869391,0.103577804717463,-0.159169997119202,-0.147635923009036,0.105115908523583,0.106593984195066,0.0953101798043249,1.1,0.200472472472472,1.65289256198347,0.206611570247934
"",0.0550844941092306,0.0550844921210057,-0.237941583040743,-0.237000788923746,0.0527074945912146,0.05847494057575,0.0953101798043249,1.1,0.230770770770771,1.65289256198347,0.206611570247934
"",0.0648542072168166,0.0648542050416652,-0.222868825442047,-0.19067146056094,0.0636510003734129,0.0679127223738693,0.0953101798043249,1.1,0.231691691691692,1.65289256198347,0.206611570247934
"",0.0724098627673434,0.0724098605175111,-0.256730445433293,-1.09931000168848,0.0717772005973475,0.0769107015328297,0.0953101798043249,1.1,0.282522522522522,1.65289256198347,0.206611570247934
"",0.0941797567896831,0.0941797512950316,-0.284117669683911,-1.08184045733,0.0970151533315159,0.102197558872333,0.0953101798043249,1.1,0.341381381381381,1.65289256198347,0.206611570247934
"",0.0582961091175452,0.0582961059164315,-0.309056760573044,-1.09753735710251,0.0582115069087013,0.0672229241952846,0.0953101798043249,1.1,0.331987987987988,1.65289256198347,0.206611570247934
"",0.0625646028284751,0.0625645996324805,-0.31351901282811,-1.10022574147982,0.0670448075444639,0.0719592154630745,0.0953101798043249,1.1,0.352596596596597,1.65289256198347,0.206611570247934
"",0.0959816547420946,0.0959816547421076,-0.3135104837899,-1.10560043594475,0.0946565908034731,0.107166447002459,0.0953101798043249,1.1,0.361409409409409,1.65289256198347,0.206611570247934
"",0.0675397005733702,0.0675396969220148,-0.336499813128149,0.0439428908204269,0.0719843218164684,0.0790542903739224,0.0953101798043249,1.1,0.39608008008008,1.65289256198347,0.206611570247934
"",0.0965517853952889,0.0965517781025387,-0.326485445386887,0.0313748520603309,0.0953674048184831,0.108219189249134,0.0953101798043249,1.1,0.412012012012012,1.65289256198347,0.206611570247934
"",0.114725270965543,0.114725270965557,-0.319115160272547,-0.00570740746976919,0.113487136065784,0.127398938144836,0.0953101798043249,1.1,0.411335335335335,1.65289256198347,0.206611570247934
"",0.0914738811756785,0.0914738762836551,-0.325902303424322,-1.11998649654323,0.0975504725371187,0.104246804972708,0.0953101798043249,1.1,0.412608608608609,1.65289256198347,0.206611570247934
"",0.0760539054746055,0.0760539016497406,-0.351457649611609,-0.451692498384773,0.0810918616053655,0.0880233250832158,0.0953101798043249,1.1,0.457069069069069,1.65289256198347,0.206611570247934
"",0.109156897427656,0.109156889858713,-0.341146152573924,-0.0258713786424149,0.107701589705863,0.122868959940766,0.0953101798043249,1.1,0.465585585585586,1.65289256198347,0.206611570247934
"",0.0985392754076243,0.0985392754076384,-0.352384290546443,-0.0540889060227669,0.101427535718166,0.113433023954441,0.0953101798043249,1.1,0.471951951951952,1.65289256198347,0.206611570247934
"",0.0615507233808463,0.0615507208684837,-0.3665647055035,-0.453320047694811,0.0719420106792348,0.0765846301353844,0.0953101798043249,1.1,0.488772772772773,1.65289256198347,0.206611570247934
"",0.0901784440095933,0.0901784372417673,-0.363689455093649,-0.0753443581364228,0.0980795611436748,0.105047682012903,0.0953101798043249,1.1,0.494966966966967,1.65289256198347,0.206611570247934
"",0.168783110431236,0.168783110012831,0.0787478297318087,0.0791045275950265,0.169078824260502,0.169122836271612,0.182321556793955,1.2,0.0848088088088088,1.38888888888889,0.173611111111111
"",0.17777063370378,0.177770633165685,0.0504760255608342,0.0548992959019053,0.177453229577009,0.178224564426856,0.182321556793955,1.2,0.106522522522523,1.38888888888889,0.173611111111111
"",0.195949489714856,0.195949489478906,0.0235694864268907,0.025989259745283,0.195980881290872,0.19773564485754,0.182321556793955,1.2,0.157417417417417,1.38888888888889,0.173611111111111
"",0.171817509566815,0.171817509294669,-0.0500424574507507,-0.0457551081779229,0.174099385441456,0.17417018510969,0.182321556793955,1.2,0.200012012012012,1.38888888888889,0.173611111111111
"",0.184250330152272,0.18425032916935,-0.0788575085376751,-0.96023969178751,0.184538148588442,0.18747402521358,0.182321556793955,1.2,0.22558958958959,1.38888888888889,0.173611111111111
"",0.174524232023163,0.17452423169905,-0.0835490150410096,-0.0652674684996136,0.177439655985931,0.17736304893887,0.182321556793955,1.2,0.237857857857858,1.38888888888889,0.173611111111111
"",0.172710992593332,0.172710991977441,-0.135295886307689,-0.964810573014951,0.171162205137688,0.177512368257899,0.182321556793955,1.2,0.290142142142142,1.38888888888889,0.173611111111111
"",0.182062164241814,0.182062163199886,-0.144463198173954,-0.928529675275457,0.180376103287482,0.188682954497683,0.182321556793955,1.2,0.312464464464464,1.38888888888889,0.173611111111111
"",0.152849086105766,0.152849085306914,-0.172489995074969,0.245899015799634,0.154280837564172,0.159800246542379,0.182321556793955,1.2,0.316716716716717,1.38888888888889,0.173611111111111
"",0.118008067513826,0.118008066926754,-0.208622788395103,0.145735857424792,0.123120239968002,0.126074876813657,0.182321556793955,1.2,0.32773973973974,1.38888888888889,0.173611111111111
"",0.151087922884014,0.151087922374129,-0.190237836846193,0.18302369298046,0.152864009234521,0.159450991468601,0.182321556793955,1.2,0.340092092092092,1.38888888888889,0.173611111111111
"",0.172122778629711,0.172122777174901,-0.199012361431252,-0.993295592959983,0.178049021814821,0.181467763649882,0.182321556793955,1.2,0.386206206206206,1.38888888888889,0.173611111111111
"",0.181133658356673,0.181133656630159,-0.186752407057607,0.1190770070651,0.184302654173282,0.191103246690312,0.182321556793955,1.2,0.364940940940941,1.38888888888889,0.173611111111111
"",0.185392311327607,0.185392309775145,-0.192495423535425,0.168580839688011,0.181971101460668,0.195432285610839,0.182321556793955,1.2,0.388204204204204,1.38888888888889,0.173611111111111
"",0.18000433860603,0.180004337316186,-0.208351187915675,-0.207792915412165,0.178950492914123,0.189045648909472,0.182321556793955,1.2,0.417973973973974,1.38888888888889,0.173611111111111
"",0.197562456376529,0.197562454803931,-0.201810829375945,0.113110407690635,0.201147478309693,0.20852454761168,0.182321556793955,1.2,0.440448448448448,1.38888888888889,0.173611111111111
"",0.166190852006971,0.166190851338942,-0.209004011110332,-0.310064952012878,0.164101471546733,0.176967706982292,0.182321556793955,1.2,0.423571571571572,1.38888888888889,0.173611111111111
"",0.173890322696092,0.173890321631805,-0.225192114609452,-0.315610395240781,0.173432724044891,0.186297869119774,0.182321556793955,1.2,0.458466466466466,1.38888888888889,0.173611111111111
"",0.165038560373242,0.165038559746986,-0.219541672146265,-0.220007457888025,0.170980826827593,0.176652646646632,0.182321556793955,1.2,0.463259259259259,1.38888888888889,0.173611111111111
"",0.175400289841917,0.175400289015838,-0.224935430679643,-0.306851171664934,0.186140787024689,0.187982210387814,0.182321556793955,1.2,0.486438438438438,1.38888888888889,0.173611111111111
"",0.23773983017247,0.23773983011259,0.144847760038732,0.143589445066554,0.238259534071342,0.237947803474395,0.262364264467491,1.3,0.0898618618618618,1.18343195266272,0.14792899408284
"",0.274239112188131,0.274239111940958,0.126622270946851,0.134423077273212,0.274250623232979,0.275338206549139,0.262364264467491,1.3,0.135051051051051,1.18343195266272,0.14792899408284
"",0.268657408964909,0.268657408915935,0.0896975858386776,0.0954178447620962,0.271817939861164,0.270043359653961,0.262364264467491,1.3,0.180304304304304,1.18343195266272,0.14792899408284
"",0.266067264237354,0.266067264173048,0.0863443327233147,0.0963782929984384,0.269288827683424,0.267128848279908,0.262364264467491,1.3,0.173381381381381,1.18343195266272,0.14792899408284
"",0.260043492889937,0.260043492783211,0.0537867862498509,-0.810022477011723,0.262076218854809,0.261840235363761,0.262364264467491,1.3,0.197937937937938,1.18343195266272,0.14792899408284
"",0.267576203444325,0.267576203311511,0.0104788741742562,0.389136122976146,0.26851195720251,0.270584504868666,0.262364264467491,1.3,0.260112112112112,1.18343195266272,0.14792899408284
"",0.248669146882593,0.248669146794379,-0.00342840653082155,0.0129233248684788,0.249228584583988,0.252284150291082,0.262364264467491,1.3,0.262694694694695,1.18343195266272,0.14792899408284
"",0.243793630939357,0.243793630715211,-0.0454774654586779,0.379988446383596,0.243257255020066,0.248294800124724,0.262364264467491,1.3,0.291351351351351,1.18343195266272,0.14792899408284
"",0.232455971657184,0.232455971556892,-0.0359847160893705,-0.83660026779314,0.234409861890365,0.237517741405666,0.262364264467491,1.3,0.280464464464464,1.18343195266272,0.14792899408284
"",0.210321445571006,0.210321445039679,-0.126207523489463,-0.914174319627297,0.206888623729507,0.217724831993776,0.262364264467491,1.3,0.335123123123123,1.18343195266272,0.14792899408284
"",0.210778527861416,0.210778527570878,-0.105667068108464,-0.909487719036127,0.213709545100599,0.217522139164482,0.262364264467491,1.3,0.330546546546547,1.18343195266272,0.14792899408284
"",0.253630084217936,0.253630083793071,-0.0730899085783942,0.232030813441667,0.255817502976031,0.260356449878823,0.262364264467491,1.3,0.337329329329329,1.18343195266272,0.14792899408284
"",0.246686804555301,0.246686804308651,-0.0772019188548507,-0.885052234837804,0.246465696421125,0.254255289622573,0.262364264467491,1.3,0.351007007007007,1.18343195266272,0.14792899408284
"",0.244611678700332,0.244611678545443,-0.0845309859211122,-0.192291466118312,0.245192351350739,0.251358588140182,0.262364264467491,1.3,0.37770970970971,1.18343195266272,0.14792899408284
"",0.233875733379889,0.233875733262984,-0.0922304481330362,-0.0922304809263894,0.235544021952287,0.242394716032508,0.262364264467491,1.3,0.380636636636637,1.18343195266272,0.14792899408284
"",0.230129786213113,0.230129786099525,-0.0936838964125225,-0.198837408018561,0.234918226641597,0.238604472924808,0.262364264467491,1.3,0.383903903903904,1.18343195266272,0.14792899408284
"",0.240240998953549,0.240240998845357,-0.0911857310669044,-0.187493200825005,0.240274806593323,0.248668523425172,0.262364264467491,1.3,0.405077077077077,1.18343195266272,0.14792899408284
"",0.261976429093045,0.261976428812561,-0.0986649833084938,0.187514014356602,0.274418226886717,0.27111655787242,0.262364264467491,1.3,0.445193193193193,1.18343195266272,0.14792899408284
"",0.259488278229769,0.259488278003895,-0.101513362348746,-0.187259953111231,0.259698358118667,0.269451400597206,0.262364264467491,1.3,0.448188188188188,1.18343195266272,0.14792899408284
"",0.251239290919364,0.251239290731382,-0.101296478119541,0.164540765600182,0.255125951875403,0.260586671400468,0.262364264467491,1.3,0.43764964964965,1.18343195266272,0.14792899408284
"",0.320670622518241,0.32067062249183,0.231983341069316,0.234202311442376,0.320262393971729,0.321287892309436,0.336472236621213,1.4,0.0954514514514514,1.02040816326531,0.127551020408163
"",0.311976921652434,0.311976921633411,0.196891922263376,0.199169808535667,0.312920081862482,0.312882640677797,0.336472236621213,1.4,0.121429429429429,1.02040816326531,0.127551020408163
"",0.345142048411069,0.34514204839265,0.211888892969404,0.214149397769499,0.347217982498065,0.345990739091342,0.336472236621213,1.4,0.13774974974975,1.02040816326531,0.127551020408163
"",0.349490980627263,0.349490980618204,0.217376283443689,0.220583534108281,0.350706281445017,0.350487648875414,0.336472236621213,1.4,0.134962962962963,1.02040816326531,0.127551020408163
"",0.339426604016832,0.339426603999979,0.146939104858658,0.150648822756438,0.339792533704302,0.34186560677835,0.336472236621213,1.4,0.206406406406406,1.02040816326531,0.127551020408163
"",0.320573534771203,0.32057353475775,0.133427234236476,0.144021184270148,0.319463718391649,0.322262190027385,0.336472236621213,1.4,0.198554554554555,1.02040816326531,0.127551020408163
"",0.327217777256574,0.327217777227198,0.100829895040367,-0.718036286277837,0.326642805935497,0.330473994661515,0.336472236621213,1.4,0.245017017017017,1.02040816326531,0.127551020408163
"",0.318718268952394,0.318718268894154,0.0749329034556376,0.420246836505674,0.318987898553516,0.322938881909817,0.336472236621213,1.4,0.247403403403403,1.02040816326531,0.127551020408163
"",0.302030838167645,0.302030838143873,0.0523041793131704,-0.73787327816794,0.301532596991008,0.305931881986142,0.336472236621213,1.4,0.289429429429429,1.02040816326531,0.127551020408163
"",0.275156538093102,0.275156538009578,-0.0127011924101733,-0.811214683168601,0.275977090081709,0.279468913225077,0.336472236621213,1.4,0.321933933933934,1.02040816326531,0.127551020408163
"",0.267340491572855,0.267340491493877,-0.0191629733229412,0.289075981124228,0.272696816685715,0.273125426796567,0.336472236621213,1.4,0.322502502502502,1.02040816326531,0.127551020408163
"",0.281980745353807,0.28198074528049,-0.00825392226941008,0.347453842476551,0.27957273734387,0.28687628578659,0.336472236621213,1.4,0.319267267267267,1.02040816326531,0.127551020408163
"",0.318653393202654,0.318653393107138,0.00492580726742191,0.0049257872968561,0.315272332770191,0.324757736253412,0.336472236621213,1.4,0.36625025025025,1.02040816326531,0.127551020408163
"",0.320208420996264,0.320208420936475,0.0162032949758761,-0.76658060128508,0.324469185114353,0.327269445811199,0.336472236621213,1.4,0.378718718718719,1.02040816326531,0.127551020408163
"",0.322049403419546,0.322049403369837,0.0238025637264409,0.318593428845702,0.325260751536564,0.329375749612546,0.336472236621213,1.4,0.360304304304304,1.02040816326531,0.127551020408163
"",0.325110268184722,0.325110268139151,0.0183637098841808,0.022851323324518,0.322377466136008,0.330982589214434,0.336472236621213,1.4,0.381393393393393,1.02040816326531,0.127551020408163
"",0.314465081578593,0.314465081550594,0.0149857497500126,0.300160854827817,0.319560210399309,0.321885713068769,0.336472236621213,1.4,0.397873873873874,1.02040816326531,0.127551020408163
"",0.333283010922388,0.333283010857785,0.00453277929198149,0.00453276849966311,0.339398596992503,0.340643307816524,0.336472236621213,1.4,0.443955955955956,1.02040816326531,0.127551020408163
"",0.308869239652963,0.308869239637539,0.0162412395207098,-0.0722506171626956,0.315743759112071,0.315108524840953,0.336472236621213,1.4,0.413277277277277,1.02040816326531,0.127551020408163
"",0.30506560065434,0.305065600644138,0.0136537918376181,-0.0668175658806114,0.318430349142481,0.31268431632657,0.336472236621213,1.4,0.429541541541542,1.02040816326531,0.127551020408163
"",0.383915957223388,0.383915957216702,0.301101427797663,0.302486100384887,0.384452310149187,0.384164084170064,0.405465108108165,1.5,0.0873473473473473,0.888888888888889,0.111111111111111
"",0.407884581018387,0.40788458100896,0.310432618480135,0.314205939020738,0.408983705175305,0.408156079954302,0.405465108108165,1.5,0.102306306306306,0.888888888888889,0.111111111111111
"",0.430224635261098,0.430224635257177,0.327793512121849,0.331787010627838,0.431623126907379,0.430679185381323,0.405465108108165,1.5,0.111055055055055,0.888888888888889,0.111111111111111
"",0.438258469433544,0.438258469428416,0.296653777577357,0.301695511211617,0.437551425104271,0.439929571448046,0.405465108108165,1.5,0.162986986986987,0.888888888888889,0.111111111111111
"",0.42214779262826,0.422147792620007,0.248615126040255,0.251293255635973,0.424306368563408,0.423934592014052,0.405465108108165,1.5,0.19815015015015,0.888888888888889,0.111111111111111
"",0.402716283332341,0.402716283323296,0.208153448186077,0.226459168771053,0.402905167419653,0.404904360153048,0.405465108108165,1.5,0.215671671671672,0.888888888888889,0.111111111111111
"",0.4180639457901,0.41806394578159,0.224133520784576,0.236871904121751,0.418813699825988,0.419851591187369,0.405465108108165,1.5,0.210018018018018,0.888888888888889,0.111111111111111
"",0.372852571370666,0.372852571364121,0.160330074690414,0.520581165715107,0.370951922360522,0.375883808845147,0.405465108108165,1.5,0.244596596596597,0.888888888888889,0.111111111111111
"",0.388832238990578,0.388832238978032,0.156331238004235,-0.652225447093647,0.39140970049394,0.391168414406808,0.405465108108165,1.5,0.277133133133133,0.888888888888889,0.111111111111111
"",0.331835307411769,0.331835307401603,0.101390432409018,0.115784118830249,0.333466225096531,0.335065522014055,0.405465108108165,1.5,0.273785785785786,0.888888888888889,0.111111111111111
"",0.33782033188177,0.337820331861936,0.0823756452479457,0.434659999570976,0.336770432680344,0.342007100672833,0.405465108108165,1.5,0.295587587587588,0.888888888888889,0.111111111111111
"",0.350837249462663,0.350837249427343,0.0647836093738912,0.0681204318343813,0.349468605036446,0.356398126014011,0.405465108108165,1.5,0.34365965965966,0.888888888888889,0.111111111111111
"",0.35347472388464,0.353474723865944,0.0735295944475745,-0.0320181361413492,0.353553938361255,0.358728425701517,0.405465108108165,1.5,0.353485485485485,0.888888888888889,0.111111111111111
"",0.394293686346252,0.394293686319089,0.112069942683631,0.40520428107823,0.393758423420706,0.399896515583662,0.405465108108165,1.5,0.341661661661662,0.888888888888889,0.111111111111111
"",0.382698708095071,0.382698708081232,0.102331970595471,0.00402435959472771,0.379754203742283,0.386646889625744,0.405465108108165,1.5,0.373605605605606,0.888888888888889,0.111111111111111
"",0.386149272258938,0.386149272246412,0.104899864790893,0.104899842993465,0.388229704846433,0.391224833465935,0.405465108108165,1.5,0.386794794794795,0.888888888888889,0.111111111111111
"",0.385042019320352,0.385042019308668,0.0995672503777225,0.0995672394260897,0.38355621599924,0.389803837076013,0.405465108108165,1.5,0.402786786786787,0.888888888888889,0.111111111111111
"",0.399315395283592,0.399315395266069,0.109619413781461,-0.649905197422243,0.40149162289355,0.406473688187611,0.405465108108165,1.5,0.389537537537538,0.888888888888889,0.111111111111111
"",0.405328763707975,0.405328763686442,0.101043323189672,0.337053014078758,0.410828138640197,0.411982163005426,0.405465108108165,1.5,0.426098098098098,0.888888888888889,0.111111111111111
"",0.380427815526619,0.380427815521906,0.105404905536035,0.0252028498562283,0.384407630946236,0.386060053648227,0.405465108108165,1.5,0.408660660660661,0.888888888888889,0.111111111111111
"",0.454422139600311,0.454422139598057,0.418292280149915,0.420013658351108,0.453841553065573,0.454646217195793,0.470003629245736,1.6,0.0486006006006006,0.78125,0.09765625
"",0.48183279495856,0.481832794956363,0.411035728936915,0.414181564891361,0.482293324357657,0.482119381017892,0.470003629245736,1.6,0.0865345345345345,0.78125,0.09765625
"",0.514704982135378,0.514704982133215,0.433713670500222,0.438865717523641,0.513774098470173,0.515550081752548,0.470003629245736,1.6,0.106338338338338,0.78125,0.09765625
"",0.496465383759804,0.496465383758801,0.374132859605745,0.379693946490229,0.498432958304053,0.497278188025598,0.470003629245736,1.6,0.157001001001001,0.78125,0.09765625
"",0.476493574010457,0.476493574007511,0.320446141325832,0.331762415599441,0.477334685046052,0.477670398380912,0.470003629245736,1.6,0.179163163163163,0.78125,0.09765625
"",0.479309086202731,0.479309086200449,0.324357796771352,0.326090974806655,0.47970329949404,0.480456404627592,0.470003629245736,1.6,0.174586586586587,0.78125,0.09765625
"",0.47384752562464,0.473847525621518,0.266557691762114,0.266557666678738,0.476166579985475,0.476126759820927,0.470003629245736,1.6,0.258582582582583,0.78125,0.09765625
"",0.452294928576712,0.452294928574403,0.257762637775232,0.2698931110371,0.455016851968617,0.453990102113492,0.470003629245736,1.6,0.246954954954955,0.78125,0.09765625
"",0.446018042013138,0.446018042008492,0.240720082517398,0.525771339102326,0.446602437913303,0.449028807119867,0.470003629245736,1.6,0.244204204204204,0.78125,0.09765625
"",0.412711968878604,0.412711968872492,0.191589984874834,-0.624065095832775,0.412029950193257,0.416333889355082,0.470003629245736,1.6,0.270874874874875,0.78125,0.09765625
"",0.409142297758945,0.40914229775478,0.171948563137666,0.0565193003176367,0.409106952135898,0.413219621223142,0.470003629245736,1.6,0.312524524524525,0.78125,0.09765625
"",0.427509890634661,0.427509890620895,0.16011918836298,0.464615751431868,0.42949065153493,0.431756877288135,0.470003629245736,1.6,0.339327327327327,0.78125,0.09765625
"",0.41584693108686,0.415846931078563,0.164508513391349,0.45353711949681,0.416107610852567,0.420351394266427,0.470003629245736,1.6,0.316880880880881,0.78125,0.09765625
"",0.427789709783879,0.427789709774509,0.160004762315718,0.0577783212957356,0.426743492563133,0.433728909923117,0.470003629245736,1.6,0.351183183183183,0.78125,0.09765625
"",0.450854768001108,0.450854767995859,0.190916708913322,0.190756676313725,0.45165892681072,0.454587362826977,0.470003629245736,1.6,0.364760760760761,0.78125,0.09765625
"",0.444969017144903,0.44496901714176,0.191037967617068,0.193774779430198,0.442149251055111,0.449042157731104,0.470003629245736,1.6,0.367187187187187,0.78125,0.09765625
"",0.441300418423043,0.441300418419995,0.192630305856926,0.453639684916809,0.441626020069376,0.446060490463278,0.470003629245736,1.6,0.355187187187187,0.78125,0.09765625
"",0.449427955866427,0.449427955862735,0.188477034910495,0.421677342226919,0.452585288814409,0.45442218508488,0.470003629245736,1.6,0.382226226226226,0.78125,0.09765625
"",0.442192359418129,0.442192359416654,0.194447220420467,0.110618120024673,0.446854646955776,0.447941827909359,0.470003629245736,1.6,0.384236236236236,0.78125,0.09765625
"",0.474782378346227,0.47478237834208,0.209154191803866,0.122242857078954,0.472560276399725,0.479872133273379,0.470003629245736,1.6,0.377981981981982,0.78125,0.09765625
"",0.511473626400743,0.511473626400202,0.480580977961825,0.482351309679533,0.511416153062826,0.511559368348387,0.53062825106217,1.7,0.0403883883883884,0.692041522491349,0.0865051903114187
"",0.538731325484759,0.538731325484386,0.499493747209073,0.501698511263964,0.538148505530993,0.539146464944628,0.53062825106217,1.7,0.0790790790790791,0.692041522491349,0.0865051903114187
"",0.568515337414191,0.568515337413554,0.506918348504046,0.511723496292137,0.568600034230063,0.568867944097529,0.53062825106217,1.7,0.0984944944944945,0.692041522491349,0.0865051903114187
"",0.555062761057565,0.555062761056849,0.425216933619325,0.432136148075607,0.557706832027603,0.55602274613834,0.53062825106217,1.7,0.162034034034034,0.692041522491349,0.0865051903114187
"",0.540252604136289,0.540252604135814,0.420273338741439,0.421697219071056,0.541346153387247,0.541239742309293,0.53062825106217,1.7,0.14822022022022,0.692041522491349,0.0865051903114187
"",0.525188981129138,0.525188981128042,0.355507218201977,0.370078639086329,0.527420423597025,0.527165313176425,0.53062825106217,1.7,0.215463463463463,0.692041522491349,0.0865051903114187
"",0.517394056690436,0.517394056689847,0.358433249127068,0.368918673554906,0.519228416054877,0.518597957038641,0.53062825106217,1.7,0.211591591591592,0.692041522491349,0.0865051903114187
"",0.526701761887004,0.526701761885523,0.353095265177423,0.641318995508068,0.528043850057205,0.528292432316497,0.53062825106217,1.7,0.224164164164164,0.692041522491349,0.0865051903114187
"",0.505627728642201,0.50562772864075,0.319431267753706,0.322611777741957,0.502742854663171,0.507772070553435,0.53062825106217,1.7,0.229577577577578,0.692041522491349,0.0865051903114187
"",0.474639907756535,0.474639907754235,0.261269093454373,0.266852036449189,0.471244790186202,0.477754497671966,0.53062825106217,1.7,0.268732732732733,0.692041522491349,0.0865051903114187
"",0.461196819185829,0.461196819185007,0.255726011689354,0.253100410751569,0.46292416335083,0.464221713618946,0.53062825106217,1.7,0.291155155155155,0.692041522491349,0.0865051903114187
"",0.486990847545423,0.48699084754191,0.259544673449183,-0.532971906922458,0.487624842656875,0.490159835065881,0.53062825106217,1.7,0.30166966966967,0.692041522491349,0.0865051903114187
"",0.478219225928662,0.478219225926689,0.244214176159887,0.140883729651945,0.475196493457936,0.482476845312106,0.53062825106217,1.7,0.321721721721722,0.692041522491349,0.0865051903114187
"",0.477079839254271,0.477079839251171,0.231024920854965,0.510685257595078,0.478235401245965,0.480880589038888,0.53062825106217,1.7,0.341325325325325,0.692041522491349,0.0865051903114187
"",0.480055979973825,0.480055979970558,0.220985169748425,0.132484823383201,0.481545619206488,0.484844588397542,0.53062825106217,1.7,0.378366366366366,0.692041522491349,0.0865051903114187
"",0.507829303260018,0.507829303258711,0.279192267818258,-0.486761224877102,0.507129140059002,0.511976805303993,0.53062825106217,1.7,0.328096096096096,0.692041522491349,0.0865051903114187
"",0.508637188350166,0.508637188349132,0.272814028255515,0.505928228005952,0.513818929829057,0.511713495828453,0.53062825106217,1.7,0.362842842842843,0.692041522491349,0.0865051903114187
"",0.503260168002048,0.503260168001489,0.276826705349641,0.190086460110181,0.51101739377701,0.507854280606534,0.53062825106217,1.7,0.370046046046046,0.692041522491349,0.0865051903114187
"",0.53377600065378,0.533776000652175,0.288120780448504,0.200516088935035,0.538080113749253,0.538831989294908,0.53062825106217,1.7,0.380740740740741,0.692041522491349,0.0865051903114187
"",0.53010465621672,0.530104656215489,0.286746652147833,0.202034483182994,0.534390748359254,0.535074069365518,0.53062825106217,1.7,0.385773773773774,0.692041522491349,0.0865051903114187
"",0.576303454961053,0.576303454960844,0.558059299450363,0.559646427521153,0.575087807292808,0.576540666186389,0.587786664902119,1.8,0.0515675675675676,0.617283950617284,0.0771604938271605
"",0.609773499107752,0.609773499107526,0.55626182371919,0.559287189155089,0.609244401312514,0.610189806923229,0.587786664902119,1.8,0.0871871871871872,0.617283950617284,0.0771604938271605
"",0.613019229496365,0.613019229496081,0.523278840497837,0.526707961542909,0.613519352766622,0.613669320502915,0.587786664902119,1.8,0.123243243243243,0.617283950617284,0.0771604938271605
"",0.598597372640568,0.598597372640409,0.510081913162647,0.512453706750542,0.598776295237294,0.599217953095693,0.587786664902119,1.8,0.118838838838839,0.617283950617284,0.0771604938271605
"",0.576169634841173,0.576169634841057,0.451533563234518,0.454311665912099,0.578670684233857,0.577060178476634,0.587786664902119,1.8,0.178602602602603,0.617283950617284,0.0771604938271605
"",0.569826496069649,0.569826496069506,0.441538399517798,0.444709094697351,0.57186928966108,0.570439255427401,0.587786664902119,1.8,0.180456456456456,0.617283950617284,0.0771604938271605
"",0.591575173415308,0.591575173414401,0.422094902738921,0.43548057526589,0.593079014435267,0.592948822459125,0.587786664902119,1.8,0.216372372372372,0.617283950617284,0.0771604938271605
"",0.573087438300953,0.573087438300703,0.441239146827479,0.445649314437534,0.570508154882286,0.574670816088708,0.587786664902119,1.8,0.183015015015015,0.617283950617284,0.0771604938271605
"",0.559503954754278,0.559503954753851,0.37354362080124,0.375225068110251,0.558614694764624,0.561363777199701,0.587786664902119,1.8,0.262254254254254,0.617283950617284,0.0771604938271605
"",0.519974495096402,0.519974495096088,0.32985129133909,0.217129265805615,0.522728310800016,0.522710906038434,0.587786664902119,1.8,0.283315315315315,0.617283950617284,0.0771604938271605
"",0.536930973479172,0.536930973478392,0.34315043786931,0.345531171782038,0.536871202800927,0.539427314648379,0.587786664902119,1.8,0.261445445445445,0.617283950617284,0.0771604938271605
"",0.545729229904809,0.545729229903756,0.327291281734506,0.220728401992788,0.543555516880341,0.548650865270242,0.587786664902119,1.8,0.304456456456456,0.617283950617284,0.0771604938271605
"",0.54018562102982,0.54018562102892,0.320044685085075,0.598637443350227,0.543587799343909,0.542082201747121,0.587786664902119,1.8,0.331103103103103,0.617283950617284,0.0771604938271605
"",0.534794550450346,0.534794550449692,0.313337876521333,0.218753989974533,0.538819223189253,0.538776780765316,0.587786664902119,1.8,0.341677677677678,0.617283950617284,0.0771604938271605
"",0.539701101812079,0.539701101811146,0.312538713851946,0.216951577678587,0.540639341910289,0.542837254986711,0.587786664902119,1.8,0.340732732732733,0.617283950617284,0.0771604938271605
"",0.53873563338667,0.538735633385824,0.309188220349523,0.539879348022204,0.536134291169158,0.543267303406601,0.587786664902119,1.8,0.337837837837838,0.617283950617284,0.0771604938271605
"",0.573318524642432,0.573318524642119,0.357289867751761,0.270384511129909,0.576298444429154,0.57631046146209,0.587786664902119,1.8,0.356708708708709,0.617283950617284,0.0771604938271605
"",0.600070170261511,0.600070170260562,0.366839811182052,0.369629567710412,0.601536366607388,0.60379589417089,0.587786664902119,1.8,0.362258258258258,0.617283950617284,0.0771604938271605
"",0.583494619379896,0.583494619379496,0.36073762577302,0.276224745602568,0.585830663191706,0.58773721156946,0.587786664902119,1.8,0.361841841841842,0.617283950617284,0.0771604938271605
"",0.590231282438152,0.590231282437666,0.358005610298988,0.279563290893554,0.591825107086442,0.594744045990321,0.587786664902119,1.8,0.382874874874875,0.617283950617284,0.0771604938271605
"",0.627927892202727,0.627927892202675,0.611383020298186,0.612433617665236,0.627760021992916,0.628016590539525,0.641853886172395,1.9,0.0391111111111111,0.554016620498615,0.0692520775623268
"",0.660776100264682,0.660776100264496,0.582260903844818,0.586692158130358,0.660907158187442,0.661289730204634,0.641853886172395,1.9,0.106894894894895,0.554016620498615,0.0692520775623268
"",0.660331153619401,0.660331153619258,0.596082073996073,0.601167633510712,0.659757126089866,0.660731600309078,0.641853886172395,1.9,0.099063063063063,0.554016620498615,0.0692520775623268
"",0.631813481601863,0.631813481601805,0.548466136897321,0.551926328643028,0.633397441898001,0.632134577204705,0.641853886172395,1.9,0.127915915915916,0.554016620498615,0.0692520775623268
"",0.629476809591451,0.629476809591372,0.510067495794267,0.515053725520031,0.631017826496665,0.630452628828011,0.641853886172395,1.9,0.179363363363363,0.554016620498615,0.0692520775623268
"",0.624330099014253,0.624330099014151,0.499682417976121,0.504398680339323,0.626882782696516,0.624828097611881,0.641853886172395,1.9,0.179083083083083,0.554016620498615,0.0692520775623268
"",0.621483105053705,0.621483105053667,0.516178090391278,0.515415433739022,0.620138008379038,0.622375160654355,0.641853886172395,1.9,0.150586586586587,0.554016620498615,0.0692520775623268
"",0.612550854835054,0.612550854835031,0.472560278282199,0.46230092140895,0.612402874566907,0.613643526874375,0.641853886172395,1.9,0.215151151151151,0.554016620498615,0.0692520775623268
"",0.624006156584679,0.624006156584567,0.460695089363767,0.466955440800996,0.624140447706991,0.625631503448041,0.641853886172395,1.9,0.245329329329329,0.554016620498615,0.0692520775623268
"",0.574953824069156,0.57495382406892,0.399888119040602,0.400406816646878,0.575169862450858,0.577374050412549,0.641853886172395,1.9,0.251995995995996,0.554016620498615,0.0692520775623268
"",0.585470227058955,0.585470227058787,0.404689056964167,0.407851306803025,0.584659778738912,0.587359561615827,0.641853886172395,1.9,0.271447447447447,0.554016620498615,0.0692520775623268
"",0.575337898030836,0.575337898030727,0.396277884079768,0.40868583341926,0.576622064160319,0.577084296544515,0.641853886172395,1.9,0.285101101101101,0.554016620498615,0.0692520775623268
"",0.579540655944435,0.579540655944336,0.391188922953481,0.295580601359921,0.580484881424706,0.582110864070214,0.641853886172395,1.9,0.312968968968969,0.554016620498615,0.0692520775623268
"",0.578023672878681,0.578023672878583,0.396519442501124,0.397144806423954,0.58195591356297,0.580138506071348,0.641853886172395,1.9,0.300532532532532,0.554016620498615,0.0692520775623268
"",0.594534715672067,0.594534715671919,0.3964772998826,0.395286160161238,0.597578933826375,0.597498671970356,0.641853886172395,1.9,0.315703703703704,0.554016620498615,0.0692520775623268
"",0.609020752418779,0.609020752418453,0.394048896176713,0.305602952968416,0.608632495181625,0.611690330615649,0.641853886172395,1.9,0.345517517517517,0.554016620498615,0.0692520775623268
"",0.598399684609872,0.598399684609702,0.396068365147675,0.30599749072211,0.597199776981871,0.602044637214795,0.641853886172395,1.9,0.319695695695696,0.554016620498615,0.0692520775623268
"",0.654507773314729,0.654507773314435,0.43968841355402,0.442651945844099,0.655768386666768,0.658216321023168,0.641853886172395,1.9,0.354630630630631,0.554016620498615,0.0692520775623268
"",0.643625956458589,0.643625956458428,0.430791899695382,0.351970693797921,0.649505780444056,0.647797081976131,0.641853886172395,1.9,0.373229229229229,0.554016620498615,0.0692520775623268
"",0.635097703304765,0.635097703304662,0.426538604638849,0.350277245249583,0.637829405381516,0.638471939990191,0.641853886172395,1.9,0.368072072072072,0.554016620498615,0.0692520775623268
"",0.680929692279295,0.680929692279254,0.629735964563456,0.631312438171523,0.681276338719662,0.681102272821525,0.693147180559945,2,0.0712872872872873,0.5,0.0625
"",0.706919395536244,0.706919395536129,0.665197389742713,0.669823101224753,0.70604076653404,0.707192037771891,0.693147180559945,2,0.0608408408408408,0.5,0.0625
"",0.680382221478101,0.680382221478039,0.60247901683642,0.606969013134025,0.681384263185902,0.680774433921884,0.693147180559945,2,0.116012012012012,0.5,0.0625
"",0.670149778950967,0.67014977895096,0.571714261922279,0.573762789873923,0.672238458251395,0.670628375738269,0.693147180559945,2,0.156648648648649,0.5,0.0625
"",0.671054922113502,0.671054922113486,0.57502309667093,0.577969355667238,0.672421349594334,0.671434261257096,0.693147180559945,2,0.142466466466466,0.5,0.0625
"",0.671881731032118,0.671881731032074,0.581886805124247,0.58557604660923,0.671213926975619,0.672664485533824,0.693147180559945,2,0.138922922922923,0.5,0.0625
"",0.680095080168681,0.680095080168656,0.545167464764375,0.549379843990473,0.679228422128789,0.681079277842315,0.693147180559945,2,0.204764764764765,0.5,0.0625
"",0.67242740167453,0.672427401674505,0.533901413373035,0.533404223921816,0.671597514792577,0.67378258992504,0.693147180559945,2,0.213697697697698,0.5,0.0625
"",0.677910963566066,0.677910963566023,0.537015757214605,0.539565645844309,0.678257620460206,0.679044736473315,0.693147180559945,2,0.21037037037037,0.5,0.0625
"",0.65288409088103,0.65288409088081,0.469408834469899,0.474214351347544,0.654866733616355,0.655463270571363,0.693147180559945,2,0.285853853853854,0.5,0.0625
"",0.640381773899173,0.640381773899065,0.465303687166628,0.737342452078107,0.642089712932289,0.642211404578564,0.693147180559945,2,0.276868868868869,0.5,0.0625
"",0.634253187492693,0.63425318749264,0.455157032365839,0.358967949611313,0.634655129782852,0.635985099871119,0.693147180559945,2,0.301105105105105,0.5,0.0625
"",0.648937345085144,0.64893734508503,0.467722269965467,0.718457879730426,0.651102844340895,0.651260965721424,0.693147180559945,2,0.29037037037037,0.5,0.0625
"",0.631204517783473,0.631204517783459,0.465704629688815,0.464618258180694,0.6291876987671,0.633117702325358,0.693147180559945,2,0.267299299299299,0.5,0.0625
"",0.66121412777309,0.661214127772989,0.464848239744856,0.376588553040406,0.662823808535257,0.663250417444391,0.693147180559945,2,0.339715715715716,0.5,0.0625
"",0.662437878420661,0.662437878420605,0.479729347471824,0.386649588598138,0.663852636321207,0.665031961175831,0.693147180559945,2,0.30804004004004,0.5,0.0625
"",0.66796423454613,0.667964234546042,0.47653489819523,0.479109101651325,0.673003654382866,0.670997420540504,0.693147180559945,2,0.324164164164164,0.5,0.0625
"",0.660290164863126,0.660290164863048,0.464075194044909,0.671229256392561,0.662168558241854,0.66283973213147,0.693147180559945,2,0.345093093093093,0.5,0.0625
"",0.696740042342065,0.696740042342025,0.505093858833029,0.425334372554174,0.70265847639575,0.699963826197394,0.693147180559945,2,0.357033033033033,0.5,0.0625
"",0.683467651271043,0.683467651271019,0.498925633442374,0.417228897475113,0.686346156321438,0.686339718496655,0.693147180559945,2,0.336428428428428,0.5,0.0625
"",0.729667373098973,0.729667373098966,0.701022554735746,0.702943883718476,0.729533408990299,0.729773400900936,0.741937344729377,2.1,0.0451331331331331,0.453514739229025,0.0566893424036281
"",0.732404098519821,0.732404098519795,0.66677685659361,0.670041846482288,0.73285563894172,0.732550662734655,0.741937344729377,2.1,0.0995795795795796,0.453514739229025,0.0566893424036281
"",0.723563185098315,0.723563185098303,0.638694412573928,0.644443936072143,0.724709110082047,0.723679955372178,0.741937344729377,2.1,0.127319319319319,0.453514739229025,0.0566893424036281
"",0.71703263460901,0.71703263460901,0.63060190258438,0.634420982275524,0.718432517611442,0.717340368293972,0.741937344729377,2.1,0.13401001001001,0.453514739229025,0.0566893424036281
"",0.712994378986743,0.712994378986746,0.660303058679985,0.661062544911465,0.711598856245825,0.713440089270428,0.741937344729377,2.1,0.0958238238238238,0.453514739229025,0.0566893424036281
"",0.719892674920134,0.719892674920131,0.606613030959569,0.610022234883112,0.719703719807698,0.720585076184057,0.741937344729377,2.1,0.178866866866867,0.453514739229025,0.0566893424036281
"",0.728615043675371,0.728615043675368,0.604471669485785,0.605265820003913,0.729466083017852,0.729349691517111,0.741937344729377,2.1,0.202906906906907,0.453514739229025,0.0566893424036281
"",0.723023098458602,0.723023098458596,0.598724336905037,0.600842671321936,0.724108785537985,0.723731305097544,0.741937344729377,2.1,0.197417417417417,0.453514739229025,0.0566893424036281
"",0.729864993155136,0.729864993155125,0.587717157939372,0.586058852680125,0.730300569699245,0.731028780588786,0.741937344729377,2.1,0.233901901901902,0.453514739229025,0.0566893424036281
"",0.686080688448755,0.686080688448745,0.531596370429452,0.528114834849786,0.68658843466527,0.687241819451333,0.741937344729377,2.1,0.25561961961962,0.453514739229025,0.0566893424036281
"",0.680414681750487,0.680414681750463,0.5159687672186,0.518052390426404,0.681026471593273,0.682158221410776,0.741937344729377,2.1,0.278282282282282,0.453514739229025,0.0566893424036281
"",0.682350519732837,0.682350519732832,0.531863102360667,0.521300775677379,0.68331586049575,0.683692864955833,0.741937344729377,2.1,0.257317317317317,0.453514739229025,0.0566893424036281
"",0.704892215277162,0.704892215277106,0.529528890799645,0.749152688382575,0.704498637652523,0.706560558482788,0.741937344729377,2.1,0.288812812812813,0.453514739229025,0.0566893424036281
"",0.704205081934201,0.704205081934161,0.525268417750887,0.522176172471295,0.700987477553684,0.706192149962585,0.741937344729377,2.1,0.295259259259259,0.453514739229025,0.0566893424036281
"",0.70802009243861,0.708020092438596,0.537549761676966,0.445564954192166,0.708531682136221,0.710075989279803,0.741937344729377,2.1,0.300456456456456,0.453514739229025,0.0566893424036281
"",0.713955431411213,0.713955431411196,0.540525828108461,0.450806108946086,0.717836337917132,0.71640156503194,0.741937344729377,2.1,0.309349349349349,0.453514739229025,0.0566893424036281
"",0.712228980802423,0.712228980802406,0.534949705213123,0.534949682758152,0.718363068276142,0.714888484620083,0.741937344729377,2.1,0.320820820820821,0.453514739229025,0.0566893424036281
"",0.716946721489222,0.716946721489179,0.52693604281007,0.52848379850885,0.720997092958731,0.720269948998384,0.741937344729377,2.1,0.342606606606607,0.453514739229025,0.0566893424036281
"",0.707914475387578,0.707914475387544,0.522695307683332,0.730550405049493,0.71060428519215,0.710687700194693,0.741937344729377,2.1,0.335287287287287,0.453514739229025,0.0566893424036281
"",0.72919634911761,0.729196349117606,0.559555597299292,0.558985371510559,0.730709495254136,0.731347356783444,0.741937344729377,2.1,0.327091091091091,0.453514739229025,0.0566893424036281
